REF-AREA,TIME_PERIOD,MEASURE,SEX,AGE,UNIT,OBS_VALUE,AGE
AUS,2017,MPIPRESP,M,Y16T24,CRUDE_RATE_CPAT,79.5,YY1TT2
AUS,2017,MPIPRESP,M,Y25T44,CRUDE_RATE_CPAT,80.4,YY2TT4
AUS,2017,MPIPRESP,M,Y45T64,CRUDE_RATE_CPAT,81.2,YY4TT6
AUS,2017,MPIPRESP,M,Y_GE65,CRUDE_RATE_CPAT,85.3,YY_TE6
AUS,2017,MPIPRESP,M,Total_16,CRUDE_RATE_CPAT,80.5,YToTal
AUS,2017,MPIPRESP,F,Y16T24,CRUDE_RATE_CPAT,80.6,YY1TT2
AUS,2017,MPIPRESP,F,Y25T44,CRUDE_RATE_CPAT,80.2,YY2TT4
AUS,2017,MPIPRESP,F,Y45T64,CRUDE_RATE_CPAT,80.5,YY4TT6
AUS,2017,MPIPRESP,F,Y_GE65,CRUDE_RATE_CPAT,89.3,YY_TE6
AUS,2017,MPIPRESP,F,Total_16,CRUDE_RATE_CPAT,80.8,YToTal
AUS,2017,MPIPRESP,T,Y16T24,CRUDE_RATE_CPAT,79.6,YY1TT2
AUS,2017,MPIPRESP,T,Y25T44,CRUDE_RATE_CPAT,80.2,YY2TT4
AUS,2017,MPIPRESP,T,Y45T64,CRUDE_RATE_CPAT,80.8,YY4TT6
AUS,2017,MPIPRESP,T,Y_GE65,CRUDE_RATE_CPAT,87.4,YY_TE6
AUS,2017,MPIPRESP,T,Total_16,CRUDE_RATE_CPAT,79.3,YToTal
AUS,2018,MPIPRESP,M,Y16T24,CRUDE_RATE_CPAT,82.5,YY1TT2
AUS,2018,MPIPRESP,M,Y25T44,CRUDE_RATE_CPAT,79.3,YY2TT4
AUS,2018,MPIPRESP,M,Y45T64,CRUDE_RATE_CPAT,84.4,YY4TT6
AUS,2018,MPIPRESP,M,Y_GE65,CRUDE_RATE_CPAT,86.2,YY_TE6
AUS,2018,MPIPRESP,M,Total_16,CRUDE_RATE_CPAT,81.5,YToTal
AUS,2018,MPIPRESP,F,Y16T24,CRUDE_RATE_CPAT,78.7,YY1TT2
AUS,2018,MPIPRESP,F,Y25T44,CRUDE_RATE_CPAT,79,YY2TT4
AUS,2018,MPIPRESP,F,Y45T64,CRUDE_RATE_CPAT,81.4,YY4TT6
AUS,2018,MPIPRESP,F,Y_GE65,CRUDE_RATE_CPAT,89.1,YY_TE6
AUS,2018,MPIPRESP,F,Total_16,CRUDE_RATE_CPAT,80.1,YToTal
AUS,2018,MPIPRESP,T,Y16T24,CRUDE_RATE_CPAT,80,YY1TT2
AUS,2018,MPIPRESP,T,Y25T44,CRUDE_RATE_CPAT,78.9,YY2TT4
AUS,2018,MPIPRESP,T,Y45T64,CRUDE_RATE_CPAT,82.8,YY4TT6
AUS,2018,MPIPRESP,T,Y_GE65,CRUDE_RATE_CPAT,87.7,YY_TE6
AUS,2018,MPIPRESP,T,Total_16,CRUDE_RATE_CPAT,79.1,YToTal
AUS,2019,MPIPRESP,M,Y16T24,CRUDE_RATE_CPAT,82,YY1TT2
AUS,2019,MPIPRESP,M,Y25T44,CRUDE_RATE_CPAT,81.7,YY2TT4
AUS,2019,MPIPRESP,M,Y45T64,CRUDE_RATE_CPAT,84.1,YY4TT6
AUS,2019,MPIPRESP,M,Y_GE65,CRUDE_RATE_CPAT,87.3,YY_TE6
AUS,2019,MPIPRESP,M,Total_16,CRUDE_RATE_CPAT,82.5,YToTal
AUS,2019,MPIPRESP,F,Y16T24,CRUDE_RATE_CPAT,82.9,YY1TT2
AUS,2019,MPIPRESP,F,Y25T44,CRUDE_RATE_CPAT,80.1,YY2TT4
AUS,2019,MPIPRESP,F,Y45T64,CRUDE_RATE_CPAT,81.9,YY4TT6
AUS,2019,MPIPRESP,F,Y_GE65,CRUDE_RATE_CPAT,84.7,YY_TE6
AUS,2019,MPIPRESP,F,Total_16,CRUDE_RATE_CPAT,81.6,YToTal
AUS,2019,MPIPRESP,T,Y16T24,CRUDE_RATE_CPAT,82.2,YY1TT2
AUS,2019,MPIPRESP,T,Y25T44,CRUDE_RATE_CPAT,80.7,YY2TT4
AUS,2019,MPIPRESP,T,Y45T64,CRUDE_RATE_CPAT,82.7,YY4TT6
AUS,2019,MPIPRESP,T,Y_GE65,CRUDE_RATE_CPAT,85.7,YY_TE6
AUS,2019,MPIPRESP,T,Total_16,CRUDE_RATE_CPAT,80.2,YToTal
AUS,2020,MPIPRESP,M,Y16T24,CRUDE_RATE_CPAT,82.2,YY1TT2
AUS,2020,MPIPRESP,M,Y25T44,CRUDE_RATE_CPAT,82.2,YY2TT4
AUS,2020,MPIPRESP,M,Y45T64,CRUDE_RATE_CPAT,83.6,YY4TT6
AUS,2020,MPIPRESP,M,Y_GE65,CRUDE_RATE_CPAT,85.2,YY_TE6
AUS,2020,MPIPRESP,M,Total_16,CRUDE_RATE_CPAT,82.8,YToTal
AUS,2020,MPIPRESP,F,Y16T24,CRUDE_RATE_CPAT,80.8,YY1TT2
AUS,2020,MPIPRESP,F,Y25T44,CRUDE_RATE_CPAT,81.4,YY2TT4
AUS,2020,MPIPRESP,F,Y45T64,CRUDE_RATE_CPAT,82.2,YY4TT6
AUS,2020,MPIPRESP,F,Y_GE65,CRUDE_RATE_CPAT,88.1,YY_TE6
AUS,2020,MPIPRESP,F,Total_16,CRUDE_RATE_CPAT,81.8,YToTal
AUS,2020,MPIPRESP,T,Y16T24,CRUDE_RATE_CPAT,81.2,YY1TT2
AUS,2020,MPIPRESP,T,Y25T44,CRUDE_RATE_CPAT,81.7,YY2TT4
AUS,2020,MPIPRESP,T,Y45T64,CRUDE_RATE_CPAT,82.7,YY4TT6
AUS,2020,MPIPRESP,T,Y_GE65,CRUDE_RATE_CPAT,86.6,YY_TE6
AUS,2020,MPIPRESP,T,Total_16,CRUDE_RATE_CPAT,80.7,YToTal
AUS,2021,MPIPRESP,M,Y16T24,CRUDE_RATE_CPAT,84.4,YY1TT2
AUS,2021,MPIPRESP,M,Y25T44,CRUDE_RATE_CPAT,82.3,YY2TT4
AUS,2021,MPIPRESP,M,Y45T64,CRUDE_RATE_CPAT,82.9,YY4TT6
AUS,2021,MPIPRESP,M,Y_GE65,CRUDE_RATE_CPAT,87.2,YY_TE6
AUS,2021,MPIPRESP,M,Total_16,CRUDE_RATE_CPAT,83.1,YToTal
AUS,2021,MPIPRESP,F,Y16T24,CRUDE_RATE_CPAT,80.6,YY1TT2
AUS,2021,MPIPRESP,F,Y25T44,CRUDE_RATE_CPAT,80.1,YY2TT4
AUS,2021,MPIPRESP,F,Y45T64,CRUDE_RATE_CPAT,81.7,YY4TT6
AUS,2021,MPIPRESP,F,Y_GE65,CRUDE_RATE_CPAT,87.5,YY_TE6
AUS,2021,MPIPRESP,F,Total_16,CRUDE_RATE_CPAT,81.2,YToTal
AUS,2021,MPIPRESP,T,Y16T24,CRUDE_RATE_CPAT,81.5,YY1TT2
AUS,2021,MPIPRESP,T,Y25T44,CRUDE_RATE_CPAT,81,YY2TT4
AUS,2021,MPIPRESP,T,Y45T64,CRUDE_RATE_CPAT,82.2,YY4TT6
AUS,2021,MPIPRESP,T,Y_GE65,CRUDE_RATE_CPAT,87.3,YY_TE6
AUS,2021,MPIPRESP,T,Total_16,CRUDE_RATE_CPAT,80.1,YToTal
AUS,2017,MPCBRESP,M,Y16T24,CRUDE_RATE_CPAT,91.5,YY1TT2
AUS,2017,MPCBRESP,M,Y25T44,CRUDE_RATE_CPAT,84.3,YY2TT4
AUS,2017,MPCBRESP,M,Y45T64,CRUDE_RATE_CPAT,85.8,YY4TT6
AUS,2017,MPCBRESP,M,Y_GE65,CRUDE_RATE_CPAT,87.8,YY_TE6
AUS,2017,MPCBRESP,M,Total_16,CRUDE_RATE_CPAT,86.2,YToTal
AUS,2017,MPCBRESP,F,Y16T24,CRUDE_RATE_CPAT,92.7,YY1TT2
AUS,2017,MPCBRESP,F,Y25T44,CRUDE_RATE_CPAT,87.3,YY2TT4
AUS,2017,MPCBRESP,F,Y45T64,CRUDE_RATE_CPAT,88,YY4TT6
AUS,2017,MPCBRESP,F,Y_GE65,CRUDE_RATE_CPAT,92.8,YY_TE6
AUS,2017,MPCBRESP,F,Total_16,CRUDE_RATE_CPAT,89.2,YToTal
AUS,2017,MPCBRESP,T,Y16T24,CRUDE_RATE_CPAT,92,YY1TT2
AUS,2017,MPCBRESP,T,Y25T44,CRUDE_RATE_CPAT,85.8,YY2TT4
AUS,2017,MPCBRESP,T,Y45T64,CRUDE_RATE_CPAT,86.8,YY4TT6
AUS,2017,MPCBRESP,T,Y_GE65,CRUDE_RATE_CPAT,90.6,YY_TE6
AUS,2017,MPCBRESP,T,Total_16,CRUDE_RATE_CPAT,87.3,YToTal
AUS,2018,MPCBRESP,M,Y16T24,CRUDE_RATE_CPAT,90.6,YY1TT2
AUS,2018,MPCBRESP,M,Y25T44,CRUDE_RATE_CPAT,79.4,YY2TT4
AUS,2018,MPCBRESP,M,Y45T64,CRUDE_RATE_CPAT,85.4,YY4TT6
AUS,2018,MPCBRESP,M,Y_GE65,CRUDE_RATE_CPAT,86.1,YY_TE6
AUS,2018,MPCBRESP,M,Total_16,CRUDE_RATE_CPAT,83.7,YToTal
AUS,2018,MPCBRESP,F,Y16T24,CRUDE_RATE_CPAT,92.5,YY1TT2
AUS,2018,MPCBRESP,F,Y25T44,CRUDE_RATE_CPAT,89.8,YY2TT4
AUS,2018,MPCBRESP,F,Y45T64,CRUDE_RATE_CPAT,90.1,YY4TT6
AUS,2018,MPCBRESP,F,Y_GE65,CRUDE_RATE_CPAT,89.9,YY_TE6
AUS,2018,MPCBRESP,F,Total_16,CRUDE_RATE_CPAT,90.4,YToTal
AUS,2018,MPCBRESP,T,Y16T24,CRUDE_RATE_CPAT,91.6,YY1TT2
AUS,2018,MPCBRESP,T,Y25T44,CRUDE_RATE_CPAT,83.9,YY2TT4
AUS,2018,MPCBRESP,T,Y45T64,CRUDE_RATE_CPAT,87.6,YY4TT6
AUS,2018,MPCBRESP,T,Y_GE65,CRUDE_RATE_CPAT,88.2,YY_TE6
AUS,2018,MPCBRESP,T,Total_16,CRUDE_RATE_CPAT,86.1,YToTal
AUS,2019,MPCBRESP,M,Y16T24,CRUDE_RATE_CPAT,90.3,YY1TT2
AUS,2019,MPCBRESP,M,Y25T44,CRUDE_RATE_CPAT,76,YY2TT4
AUS,2019,MPCBRESP,M,Y45T64,CRUDE_RATE_CPAT,80.4,YY4TT6
AUS,2019,MPCBRESP,M,Y_GE65,CRUDE_RATE_CPAT,90.4,YY_TE6
AUS,2019,MPCBRESP,M,Total_16,CRUDE_RATE_CPAT,81.1,YToTal
AUS,2019,MPCBRESP,F,Y16T24,CRUDE_RATE_CPAT,93.4,YY1TT2
AUS,2019,MPCBRESP,F,Y25T44,CRUDE_RATE_CPAT,89.1,YY2TT4
AUS,2019,MPCBRESP,F,Y45T64,CRUDE_RATE_CPAT,88.9,YY4TT6
AUS,2019,MPCBRESP,F,Y_GE65,CRUDE_RATE_CPAT,93,YY_TE6
AUS,2019,MPCBRESP,F,Total_16,CRUDE_RATE_CPAT,90.5,YToTal
AUS,2019,MPCBRESP,T,Y16T24,CRUDE_RATE_CPAT,92.1,YY1TT2
AUS,2019,MPCBRESP,T,Y25T44,CRUDE_RATE_CPAT,81.6,YY2TT4
AUS,2019,MPCBRESP,T,Y45T64,CRUDE_RATE_CPAT,84.6,YY4TT6
AUS,2019,MPCBRESP,T,Y_GE65,CRUDE_RATE_CPAT,91.7,YY_TE6
AUS,2019,MPCBRESP,T,Total_16,CRUDE_RATE_CPAT,85.2,YToTal
AUS,2020,MPCBRESP,M,Y16T24,CRUDE_RATE_CPAT,90.8,YY1TT2
AUS,2020,MPCBRESP,M,Y25T44,CRUDE_RATE_CPAT,79.1,YY2TT4
AUS,2020,MPCBRESP,M,Y45T64,CRUDE_RATE_CPAT,85.8,YY4TT6
AUS,2020,MPCBRESP,M,Y_GE65,CRUDE_RATE_CPAT,93.8,YY_TE6
AUS,2020,MPCBRESP,M,Total_16,CRUDE_RATE_CPAT,85.3,YToTal
AUS,2020,MPCBRESP,F,Y16T24,CRUDE_RATE_CPAT,93.4,YY1TT2
AUS,2020,MPCBRESP,F,Y25T44,CRUDE_RATE_CPAT,89.1,YY2TT4
AUS,2020,MPCBRESP,F,Y45T64,CRUDE_RATE_CPAT,88.2,YY4TT6
AUS,2020,MPCBRESP,F,Y_GE65,CRUDE_RATE_CPAT,94.4,YY_TE6
AUS,2020,MPCBRESP,F,Total_16,CRUDE_RATE_CPAT,91,YToTal
AUS,2020,MPCBRESP,T,Y16T24,CRUDE_RATE_CPAT,92.1,YY1TT2
AUS,2020,MPCBRESP,T,Y25T44,CRUDE_RATE_CPAT,83.5,YY2TT4
AUS,2020,MPCBRESP,T,Y45T64,CRUDE_RATE_CPAT,86.7,YY4TT6
AUS,2020,MPCBRESP,T,Y_GE65,CRUDE_RATE_CPAT,93.9,YY_TE6
AUS,2020,MPCBRESP,T,Total_16,CRUDE_RATE_CPAT,87.5,YToTal
AUS,2021,MPCBRESP,M,Y16T24,CRUDE_RATE_CPAT,89.7,YY1TT2
AUS,2021,MPCBRESP,M,Y25T44,CRUDE_RATE_CPAT,85.6,YY2TT4
AUS,2021,MPCBRESP,M,Y45T64,CRUDE_RATE_CPAT,86.8,YY4TT6
AUS,2021,MPCBRESP,M,Y_GE65,CRUDE_RATE_CPAT,92.5,YY_TE6
AUS,2021,MPCBRESP,M,Total_16,CRUDE_RATE_CPAT,87.5,YToTal
AUS,2021,MPCBRESP,F,Y16T24,CRUDE_RATE_CPAT,91,YY1TT2
AUS,2021,MPCBRESP,F,Y25T44,CRUDE_RATE_CPAT,89.4,YY2TT4
AUS,2021,MPCBRESP,F,Y45T64,CRUDE_RATE_CPAT,87.8,YY4TT6
AUS,2021,MPCBRESP,F,Y_GE65,CRUDE_RATE_CPAT,92.9,YY_TE6
AUS,2021,MPCBRESP,F,Total_16,CRUDE_RATE_CPAT,89.8,YToTal
AUS,2021,MPCBRESP,T,Y16T24,CRUDE_RATE_CPAT,90.4,YY1TT2
AUS,2021,MPCBRESP,T,Y25T44,CRUDE_RATE_CPAT,87.3,YY2TT4
AUS,2021,MPCBRESP,T,Y45T64,CRUDE_RATE_CPAT,87.2,YY4TT6
AUS,2021,MPCBRESP,T,Y_GE65,CRUDE_RATE_CPAT,92.5,YY_TE6
AUS,2021,MPCBRESP,T,Total_16,CRUDE_RATE_CPAT,87.5,YToTal
AUS,2017,MPIPEXPL,M,Y16T24,CRUDE_RATE_CPAT,54.5,YY1TT2
AUS,2017,MPIPEXPL,M,Y25T44,CRUDE_RATE_CPAT,55.9,YY2TT4
AUS,2017,MPIPEXPL,M,Y45T64,CRUDE_RATE_CPAT,56,YY4TT6
AUS,2017,MPIPEXPL,M,Y_GE65,CRUDE_RATE_CPAT,54.3,YY_TE6
AUS,2017,MPIPEXPL,M,Total_16,CRUDE_RATE_CPAT,55.4,YToTal
AUS,2017,MPIPEXPL,F,Y16T24,CRUDE_RATE_CPAT,53.2,YY1TT2
AUS,2017,MPIPEXPL,F,Y25T44,CRUDE_RATE_CPAT,51,YY2TT4
AUS,2017,MPIPEXPL,F,Y45T64,CRUDE_RATE_CPAT,52.9,YY4TT6
AUS,2017,MPIPEXPL,F,Y_GE65,CRUDE_RATE_CPAT,54.7,YY_TE6
AUS,2017,MPIPEXPL,F,Total_16,CRUDE_RATE_CPAT,52.2,YToTal
AUS,2017,MPIPEXPL,T,Y16T24,CRUDE_RATE_CPAT,53.4,YY1TT2
AUS,2017,MPIPEXPL,T,Y25T44,CRUDE_RATE_CPAT,53.6,YY2TT4
AUS,2017,MPIPEXPL,T,Y45T64,CRUDE_RATE_CPAT,54.6,YY4TT6
AUS,2017,MPIPEXPL,T,Y_GE65,CRUDE_RATE_CPAT,54.1,YY_TE6
AUS,2017,MPIPEXPL,T,Total_16,CRUDE_RATE_CPAT,51.9,YToTal
AUS,2018,MPIPEXPL,M,Y16T24,CRUDE_RATE_CPAT,59.7,YY1TT2
AUS,2018,MPIPEXPL,M,Y25T44,CRUDE_RATE_CPAT,58.3,YY2TT4
AUS,2018,MPIPEXPL,M,Y45T64,CRUDE_RATE_CPAT,58.9,YY4TT6
AUS,2018,MPIPEXPL,M,Y_GE65,CRUDE_RATE_CPAT,57.3,YY_TE6
AUS,2018,MPIPEXPL,M,Total_16,CRUDE_RATE_CPAT,58.3,YToTal
AUS,2018,MPIPEXPL,F,Y16T24,CRUDE_RATE_CPAT,53.3,YY1TT2
AUS,2018,MPIPEXPL,F,Y25T44,CRUDE_RATE_CPAT,53.1,YY2TT4
AUS,2018,MPIPEXPL,F,Y45T64,CRUDE_RATE_CPAT,54.8,YY4TT6
AUS,2018,MPIPEXPL,F,Y_GE65,CRUDE_RATE_CPAT,59.3,YY_TE6
AUS,2018,MPIPEXPL,F,Total_16,CRUDE_RATE_CPAT,53.8,YToTal
AUS,2018,MPIPEXPL,T,Y16T24,CRUDE_RATE_CPAT,56,YY1TT2
AUS,2018,MPIPEXPL,T,Y25T44,CRUDE_RATE_CPAT,55.8,YY2TT4
AUS,2018,MPIPEXPL,T,Y45T64,CRUDE_RATE_CPAT,56.8,YY4TT6
AUS,2018,MPIPEXPL,T,Y_GE65,CRUDE_RATE_CPAT,58.4,YY_TE6
AUS,2018,MPIPEXPL,T,Total_16,CRUDE_RATE_CPAT,53.6,YToTal
AUS,2019,MPIPEXPL,M,Y16T24,CRUDE_RATE_CPAT,59.3,YY1TT2
AUS,2019,MPIPEXPL,M,Y25T44,CRUDE_RATE_CPAT,58.4,YY2TT4
AUS,2019,MPIPEXPL,M,Y45T64,CRUDE_RATE_CPAT,58.9,YY4TT6
AUS,2019,MPIPEXPL,M,Y_GE65,CRUDE_RATE_CPAT,62.8,YY_TE6
AUS,2019,MPIPEXPL,M,Total_16,CRUDE_RATE_CPAT,58.7,YToTal
AUS,2019,MPIPEXPL,F,Y16T24,CRUDE_RATE_CPAT,58.5,YY1TT2
AUS,2019,MPIPEXPL,F,Y25T44,CRUDE_RATE_CPAT,54.2,YY2TT4
AUS,2019,MPIPEXPL,F,Y45T64,CRUDE_RATE_CPAT,57.2,YY4TT6
AUS,2019,MPIPEXPL,F,Y_GE65,CRUDE_RATE_CPAT,57.3,YY_TE6
AUS,2019,MPIPEXPL,F,Total_16,CRUDE_RATE_CPAT,56.4,YToTal
AUS,2019,MPIPEXPL,T,Y16T24,CRUDE_RATE_CPAT,58.6,YY1TT2
AUS,2019,MPIPEXPL,T,Y25T44,CRUDE_RATE_CPAT,56.4,YY2TT4
AUS,2019,MPIPEXPL,T,Y45T64,CRUDE_RATE_CPAT,57.9,YY4TT6
AUS,2019,MPIPEXPL,T,Y_GE65,CRUDE_RATE_CPAT,59.7,YY_TE6
AUS,2019,MPIPEXPL,T,Total_16,CRUDE_RATE_CPAT,54.9,YToTal
AUS,2020,MPIPEXPL,M,Y16T24,CRUDE_RATE_CPAT,57.9,YY1TT2
AUS,2020,MPIPEXPL,M,Y25T44,CRUDE_RATE_CPAT,57.3,YY2TT4
AUS,2020,MPIPEXPL,M,Y45T64,CRUDE_RATE_CPAT,58,YY4TT6
AUS,2020,MPIPEXPL,M,Y_GE65,CRUDE_RATE_CPAT,53.5,YY_TE6
AUS,2020,MPIPEXPL,M,Total_16,CRUDE_RATE_CPAT,57.3,YToTal
AUS,2020,MPIPEXPL,F,Y16T24,CRUDE_RATE_CPAT,54.2,YY1TT2
AUS,2020,MPIPEXPL,F,Y25T44,CRUDE_RATE_CPAT,55.7,YY2TT4
AUS,2020,MPIPEXPL,F,Y45T64,CRUDE_RATE_CPAT,56.8,YY4TT6
AUS,2020,MPIPEXPL,F,Y_GE65,CRUDE_RATE_CPAT,59.2,YY_TE6
AUS,2020,MPIPEXPL,F,Total_16,CRUDE_RATE_CPAT,55.8,YToTal
AUS,2020,MPIPEXPL,T,Y16T24,CRUDE_RATE_CPAT,55.4,YY1TT2
AUS,2020,MPIPEXPL,T,Y25T44,CRUDE_RATE_CPAT,56.5,YY2TT4
AUS,2020,MPIPEXPL,T,Y45T64,CRUDE_RATE_CPAT,57.3,YY4TT6
AUS,2020,MPIPEXPL,T,Y_GE65,CRUDE_RATE_CPAT,56.6,YY_TE6
AUS,2020,MPIPEXPL,T,Total_16,CRUDE_RATE_CPAT,53.9,YToTal
AUS,2021,MPIPEXPL,M,Y16T24,CRUDE_RATE_CPAT,61.8,YY1TT2
AUS,2021,MPIPEXPL,M,Y25T44,CRUDE_RATE_CPAT,58.6,YY2TT4
AUS,2021,MPIPEXPL,M,Y45T64,CRUDE_RATE_CPAT,58.5,YY4TT6
AUS,2021,MPIPEXPL,M,Y_GE65,CRUDE_RATE_CPAT,63.4,YY_TE6
AUS,2021,MPIPEXPL,M,Total_16,CRUDE_RATE_CPAT,59.4,YToTal
AUS,2021,MPIPEXPL,F,Y16T24,CRUDE_RATE_CPAT,55.1,YY1TT2
AUS,2021,MPIPEXPL,F,Y25T44,CRUDE_RATE_CPAT,53.7,YY2TT4
AUS,2021,MPIPEXPL,F,Y45T64,CRUDE_RATE_CPAT,54.4,YY4TT6
AUS,2021,MPIPEXPL,F,Y_GE65,CRUDE_RATE_CPAT,56.8,YY_TE6
AUS,2021,MPIPEXPL,F,Total_16,CRUDE_RATE_CPAT,54.5,YToTal
AUS,2021,MPIPEXPL,T,Y16T24,CRUDE_RATE_CPAT,57.2,YY1TT2
AUS,2021,MPIPEXPL,T,Y25T44,CRUDE_RATE_CPAT,56,YY2TT4
AUS,2021,MPIPEXPL,T,Y45T64,CRUDE_RATE_CPAT,56.6,YY4TT6
AUS,2021,MPIPEXPL,T,Y_GE65,CRUDE_RATE_CPAT,59.8,YY_TE6
AUS,2021,MPIPEXPL,T,Total_16,CRUDE_RATE_CPAT,54,YToTal
AUS,2017,MPCBEXPL,M,Y16T24,CRUDE_RATE_CPAT,70.2,YY1TT2
AUS,2017,MPCBEXPL,M,Y25T44,CRUDE_RATE_CPAT,59.3,YY2TT4
AUS,2017,MPCBEXPL,M,Y45T64,CRUDE_RATE_CPAT,60.6,YY4TT6
AUS,2017,MPCBEXPL,M,Y_GE65,CRUDE_RATE_CPAT,63.2,YY_TE6
AUS,2017,MPCBEXPL,M,Total_16,CRUDE_RATE_CPAT,61.9,YToTal
AUS,2017,MPCBEXPL,F,Y16T24,CRUDE_RATE_CPAT,69.7,YY1TT2
AUS,2017,MPCBEXPL,F,Y25T44,CRUDE_RATE_CPAT,67.6,YY2TT4
AUS,2017,MPCBEXPL,F,Y45T64,CRUDE_RATE_CPAT,66.7,YY4TT6
AUS,2017,MPCBEXPL,F,Y_GE65,CRUDE_RATE_CPAT,70.1,YY_TE6
AUS,2017,MPCBEXPL,F,Total_16,CRUDE_RATE_CPAT,67.8,YToTal
AUS,2017,MPCBEXPL,T,Y16T24,CRUDE_RATE_CPAT,69.4,YY1TT2
AUS,2017,MPCBEXPL,T,Y25T44,CRUDE_RATE_CPAT,63.3,YY2TT4
AUS,2017,MPCBEXPL,T,Y45T64,CRUDE_RATE_CPAT,63.5,YY4TT6
AUS,2017,MPCBEXPL,T,Y_GE65,CRUDE_RATE_CPAT,67.4,YY_TE6
AUS,2017,MPCBEXPL,T,Total_16,CRUDE_RATE_CPAT,63.8,YToTal
AUS,2018,MPCBEXPL,M,Y16T24,CRUDE_RATE_CPAT,69.2,YY1TT2
AUS,2018,MPCBEXPL,M,Y25T44,CRUDE_RATE_CPAT,56.4,YY2TT4
AUS,2018,MPCBEXPL,M,Y45T64,CRUDE_RATE_CPAT,60.7,YY4TT6
AUS,2018,MPCBEXPL,M,Y_GE65,CRUDE_RATE_CPAT,64.6,YY_TE6
AUS,2018,MPCBEXPL,M,Total_16,CRUDE_RATE_CPAT,60.6,YToTal
AUS,2018,MPCBEXPL,F,Y16T24,CRUDE_RATE_CPAT,72,YY1TT2
AUS,2018,MPCBEXPL,F,Y25T44,CRUDE_RATE_CPAT,67.5,YY2TT4
AUS,2018,MPCBEXPL,F,Y45T64,CRUDE_RATE_CPAT,67.8,YY4TT6
AUS,2018,MPCBEXPL,F,Y_GE65,CRUDE_RATE_CPAT,64.6,YY_TE6
AUS,2018,MPCBEXPL,F,Total_16,CRUDE_RATE_CPAT,68.1,YToTal
AUS,2018,MPCBEXPL,T,Y16T24,CRUDE_RATE_CPAT,70.8,YY1TT2
AUS,2018,MPCBEXPL,T,Y25T44,CRUDE_RATE_CPAT,61.3,YY2TT4
AUS,2018,MPCBEXPL,T,Y45T64,CRUDE_RATE_CPAT,64,YY4TT6
AUS,2018,MPCBEXPL,T,Y_GE65,CRUDE_RATE_CPAT,64.4,YY_TE6
AUS,2018,MPCBEXPL,T,Total_16,CRUDE_RATE_CPAT,62.7,YToTal
AUS,2019,MPCBEXPL,M,Y16T24,CRUDE_RATE_CPAT,70.2,YY1TT2
AUS,2019,MPCBEXPL,M,Y25T44,CRUDE_RATE_CPAT,56.4,YY2TT4
AUS,2019,MPCBEXPL,M,Y45T64,CRUDE_RATE_CPAT,58.4,YY4TT6
AUS,2019,MPCBEXPL,M,Y_GE65,CRUDE_RATE_CPAT,71.5,YY_TE6
AUS,2019,MPCBEXPL,M,Total_16,CRUDE_RATE_CPAT,60.6,YToTal
AUS,2019,MPCBEXPL,F,Y16T24,CRUDE_RATE_CPAT,70.4,YY1TT2
AUS,2019,MPCBEXPL,F,Y25T44,CRUDE_RATE_CPAT,67.4,YY2TT4
AUS,2019,MPCBEXPL,F,Y45T64,CRUDE_RATE_CPAT,68,YY4TT6
AUS,2019,MPCBEXPL,F,Y_GE65,CRUDE_RATE_CPAT,69.9,YY_TE6
AUS,2019,MPCBEXPL,F,Total_16,CRUDE_RATE_CPAT,68.4,YToTal
AUS,2019,MPCBEXPL,T,Y16T24,CRUDE_RATE_CPAT,70.4,YY1TT2
AUS,2019,MPCBEXPL,T,Y25T44,CRUDE_RATE_CPAT,61,YY2TT4
AUS,2019,MPCBEXPL,T,Y45T64,CRUDE_RATE_CPAT,63.1,YY4TT6
AUS,2019,MPCBEXPL,T,Y_GE65,CRUDE_RATE_CPAT,70.3,YY_TE6
AUS,2019,MPCBEXPL,T,Total_16,CRUDE_RATE_CPAT,62.6,YToTal
AUS,2020,MPCBEXPL,M,Y16T24,CRUDE_RATE_CPAT,74.2,YY1TT2
AUS,2020,MPCBEXPL,M,Y25T44,CRUDE_RATE_CPAT,57.4,YY2TT4
AUS,2020,MPCBEXPL,M,Y45T64,CRUDE_RATE_CPAT,61.1,YY4TT6
AUS,2020,MPCBEXPL,M,Y_GE65,CRUDE_RATE_CPAT,71.9,YY_TE6
AUS,2020,MPCBEXPL,M,Total_16,CRUDE_RATE_CPAT,63.7,YToTal
AUS,2020,MPCBEXPL,F,Y16T24,CRUDE_RATE_CPAT,69.3,YY1TT2
AUS,2020,MPCBEXPL,F,Y25T44,CRUDE_RATE_CPAT,69.8,YY2TT4
AUS,2020,MPCBEXPL,F,Y45T64,CRUDE_RATE_CPAT,67.6,YY4TT6
AUS,2020,MPCBEXPL,F,Y_GE65,CRUDE_RATE_CPAT,70.5,YY_TE6
AUS,2020,MPCBEXPL,F,Total_16,CRUDE_RATE_CPAT,69.2,YToTal
AUS,2020,MPCBEXPL,T,Y16T24,CRUDE_RATE_CPAT,70.7,YY1TT2
AUS,2020,MPCBEXPL,T,Y25T44,CRUDE_RATE_CPAT,63.1,YY2TT4
AUS,2020,MPCBEXPL,T,Y45T64,CRUDE_RATE_CPAT,64.2,YY4TT6
AUS,2020,MPCBEXPL,T,Y_GE65,CRUDE_RATE_CPAT,70.9,YY_TE6
AUS,2020,MPCBEXPL,T,Total_16,CRUDE_RATE_CPAT,64.8,YToTal
AUS,2021,MPCBEXPL,M,Y16T24,CRUDE_RATE_CPAT,71,YY1TT2
AUS,2021,MPCBEXPL,M,Y25T44,CRUDE_RATE_CPAT,66.3,YY2TT4
AUS,2021,MPCBEXPL,M,Y45T64,CRUDE_RATE_CPAT,64.1,YY4TT6
AUS,2021,MPCBEXPL,M,Y_GE65,CRUDE_RATE_CPAT,70.1,YY_TE6
AUS,2021,MPCBEXPL,M,Total_16,CRUDE_RATE_CPAT,66.9,YToTal
AUS,2021,MPCBEXPL,F,Y16T24,CRUDE_RATE_CPAT,68,YY1TT2
AUS,2021,MPCBEXPL,F,Y25T44,CRUDE_RATE_CPAT,70.6,YY2TT4
AUS,2021,MPCBEXPL,F,Y45T64,CRUDE_RATE_CPAT,66.3,YY4TT6
AUS,2021,MPCBEXPL,F,Y_GE65,CRUDE_RATE_CPAT,70.1,YY_TE6
AUS,2021,MPCBEXPL,F,Total_16,CRUDE_RATE_CPAT,68.4,YToTal
AUS,2021,MPCBEXPL,T,Y16T24,CRUDE_RATE_CPAT,68.5,YY1TT2
AUS,2021,MPCBEXPL,T,Y25T44,CRUDE_RATE_CPAT,68.1,YY2TT4
AUS,2021,MPCBEXPL,T,Y45T64,CRUDE_RATE_CPAT,65.1,YY4TT6
AUS,2021,MPCBEXPL,T,Y_GE65,CRUDE_RATE_CPAT,69.9,YY_TE6
AUS,2021,MPCBEXPL,T,Total_16,CRUDE_RATE_CPAT,65.7,YToTal
AUS,2017,MPIPINVO,M,Y16T24,CRUDE_RATE_CPAT,72,YY1TT2
AUS,2017,MPIPINVO,M,Y25T44,CRUDE_RATE_CPAT,71.4,YY2TT4
AUS,2017,MPIPINVO,M,Y45T64,CRUDE_RATE_CPAT,74.6,YY4TT6
AUS,2017,MPIPINVO,M,Y_GE65,CRUDE_RATE_CPAT,79,YY_TE6
AUS,2017,MPIPINVO,M,Total_16,CRUDE_RATE_CPAT,72.6,YToTal
AUS,2017,MPIPINVO,F,Y16T24,CRUDE_RATE_CPAT,69,YY1TT2
AUS,2017,MPIPINVO,F,Y25T44,CRUDE_RATE_CPAT,69.9,YY2TT4
AUS,2017,MPIPINVO,F,Y45T64,CRUDE_RATE_CPAT,72.4,YY4TT6
AUS,2017,MPIPINVO,F,Y_GE65,CRUDE_RATE_CPAT,81.7,YY_TE6
AUS,2017,MPIPINVO,F,Total_16,CRUDE_RATE_CPAT,71.2,YToTal
AUS,2017,MPIPINVO,T,Y16T24,CRUDE_RATE_CPAT,69.9,YY1TT2
AUS,2017,MPIPINVO,T,Y25T44,CRUDE_RATE_CPAT,70.6,YY2TT4
AUS,2017,MPIPINVO,T,Y45T64,CRUDE_RATE_CPAT,73.5,YY4TT6
AUS,2017,MPIPINVO,T,Y_GE65,CRUDE_RATE_CPAT,80.1,YY_TE6
AUS,2017,MPIPINVO,T,Total_16,CRUDE_RATE_CPAT,70.7,YToTal
AUS,2018,MPIPINVO,M,Y16T24,CRUDE_RATE_CPAT,75.4,YY1TT2
AUS,2018,MPIPINVO,M,Y25T44,CRUDE_RATE_CPAT,72.7,YY2TT4
AUS,2018,MPIPINVO,M,Y45T64,CRUDE_RATE_CPAT,74.7,YY4TT6
AUS,2018,MPIPINVO,M,Y_GE65,CRUDE_RATE_CPAT,77.8,YY_TE6
AUS,2018,MPIPINVO,M,Total_16,CRUDE_RATE_CPAT,73.8,YToTal
AUS,2018,MPIPINVO,F,Y16T24,CRUDE_RATE_CPAT,68,YY1TT2
AUS,2018,MPIPINVO,F,Y25T44,CRUDE_RATE_CPAT,68.9,YY2TT4
AUS,2018,MPIPINVO,F,Y45T64,CRUDE_RATE_CPAT,72.9,YY4TT6
AUS,2018,MPIPINVO,F,Y_GE65,CRUDE_RATE_CPAT,84,YY_TE6
AUS,2018,MPIPINVO,F,Total_16,CRUDE_RATE_CPAT,70.8,YToTal
AUS,2018,MPIPINVO,T,Y16T24,CRUDE_RATE_CPAT,70.8,YY1TT2
AUS,2018,MPIPINVO,T,Y25T44,CRUDE_RATE_CPAT,70.8,YY2TT4
AUS,2018,MPIPINVO,T,Y45T64,CRUDE_RATE_CPAT,73.7,YY4TT6
AUS,2018,MPIPINVO,T,Y_GE65,CRUDE_RATE_CPAT,81.3,YY_TE6
AUS,2018,MPIPINVO,T,Total_16,CRUDE_RATE_CPAT,70.7,YToTal
AUS,2019,MPIPINVO,M,Y16T24,CRUDE_RATE_CPAT,73.9,YY1TT2
AUS,2019,MPIPINVO,M,Y25T44,CRUDE_RATE_CPAT,74.5,YY2TT4
AUS,2019,MPIPINVO,M,Y45T64,CRUDE_RATE_CPAT,76.3,YY4TT6
AUS,2019,MPIPINVO,M,Y_GE65,CRUDE_RATE_CPAT,80.7,YY_TE6
AUS,2019,MPIPINVO,M,Total_16,CRUDE_RATE_CPAT,75.1,YToTal
AUS,2019,MPIPINVO,F,Y16T24,CRUDE_RATE_CPAT,72.2,YY1TT2
AUS,2019,MPIPINVO,F,Y25T44,CRUDE_RATE_CPAT,70.1,YY2TT4
AUS,2019,MPIPINVO,F,Y45T64,CRUDE_RATE_CPAT,72.9,YY4TT6
AUS,2019,MPIPINVO,F,Y_GE65,CRUDE_RATE_CPAT,77.7,YY_TE6
AUS,2019,MPIPINVO,F,Total_16,CRUDE_RATE_CPAT,71.9,YToTal
AUS,2019,MPIPINVO,T,Y16T24,CRUDE_RATE_CPAT,72.7,YY1TT2
AUS,2019,MPIPINVO,T,Y25T44,CRUDE_RATE_CPAT,72.2,YY2TT4
AUS,2019,MPIPINVO,T,Y45T64,CRUDE_RATE_CPAT,74.4,YY4TT6
AUS,2019,MPIPINVO,T,Y_GE65,CRUDE_RATE_CPAT,78.8,YY_TE6
AUS,2019,MPIPINVO,T,Total_16,CRUDE_RATE_CPAT,71.8,YToTal
AUS,2020,MPIPINVO,M,Y16T24,CRUDE_RATE_CPAT,75.5,YY1TT2
AUS,2020,MPIPINVO,M,Y25T44,CRUDE_RATE_CPAT,74.2,YY2TT4
AUS,2020,MPIPINVO,M,Y45T64,CRUDE_RATE_CPAT,75.5,YY4TT6
AUS,2020,MPIPINVO,M,Y_GE65,CRUDE_RATE_CPAT,78.9,YY_TE6
AUS,2020,MPIPINVO,M,Total_16,CRUDE_RATE_CPAT,75.2,YToTal
AUS,2020,MPIPINVO,F,Y16T24,CRUDE_RATE_CPAT,69.4,YY1TT2
AUS,2020,MPIPINVO,F,Y25T44,CRUDE_RATE_CPAT,71.5,YY2TT4
AUS,2020,MPIPINVO,F,Y45T64,CRUDE_RATE_CPAT,73.9,YY4TT6
AUS,2020,MPIPINVO,F,Y_GE65,CRUDE_RATE_CPAT,81.7,YY_TE6
AUS,2020,MPIPINVO,F,Total_16,CRUDE_RATE_CPAT,72.3,YToTal
AUS,2020,MPIPINVO,T,Y16T24,CRUDE_RATE_CPAT,71.6,YY1TT2
AUS,2020,MPIPINVO,T,Y25T44,CRUDE_RATE_CPAT,72.9,YY2TT4
AUS,2020,MPIPINVO,T,Y45T64,CRUDE_RATE_CPAT,74.6,YY4TT6
AUS,2020,MPIPINVO,T,Y_GE65,CRUDE_RATE_CPAT,80.3,YY_TE6
AUS,2020,MPIPINVO,T,Total_16,CRUDE_RATE_CPAT,72.2,YToTal
AUS,2021,MPIPINVO,M,Y16T24,CRUDE_RATE_CPAT,76.2,YY1TT2
AUS,2021,MPIPINVO,M,Y25T44,CRUDE_RATE_CPAT,73.5,YY2TT4
AUS,2021,MPIPINVO,M,Y45T64,CRUDE_RATE_CPAT,75.2,YY4TT6
AUS,2021,MPIPINVO,M,Y_GE65,CRUDE_RATE_CPAT,79.3,YY_TE6
AUS,2021,MPIPINVO,M,Total_16,CRUDE_RATE_CPAT,74.9,YToTal
AUS,2021,MPIPINVO,F,Y16T24,CRUDE_RATE_CPAT,70.3,YY1TT2
AUS,2021,MPIPINVO,F,Y25T44,CRUDE_RATE_CPAT,70.5,YY2TT4
AUS,2021,MPIPINVO,F,Y45T64,CRUDE_RATE_CPAT,72.9,YY4TT6
AUS,2021,MPIPINVO,F,Y_GE65,CRUDE_RATE_CPAT,78.6,YY_TE6
AUS,2021,MPIPINVO,F,Total_16,CRUDE_RATE_CPAT,71.6,YToTal
AUS,2021,MPIPINVO,T,Y16T24,CRUDE_RATE_CPAT,72.2,YY1TT2
AUS,2021,MPIPINVO,T,Y25T44,CRUDE_RATE_CPAT,71.9,YY2TT4
AUS,2021,MPIPINVO,T,Y45T64,CRUDE_RATE_CPAT,74,YY4TT6
AUS,2021,MPIPINVO,T,Y_GE65,CRUDE_RATE_CPAT,78.8,YY_TE6
AUS,2021,MPIPINVO,T,Total_16,CRUDE_RATE_CPAT,71.4,YToTal
AUS,2017,MPCBINVO,M,Y16T24,CRUDE_RATE_CPAT,86.4,YY1TT2
AUS,2017,MPCBINVO,M,Y25T44,CRUDE_RATE_CPAT,79.2,YY2TT4
AUS,2017,MPCBINVO,M,Y45T64,CRUDE_RATE_CPAT,80,YY4TT6
AUS,2017,MPCBINVO,M,Y_GE65,CRUDE_RATE_CPAT,83.6,YY_TE6
AUS,2017,MPCBINVO,M,Total_16,CRUDE_RATE_CPAT,80.9,YToTal
AUS,2017,MPCBINVO,F,Y16T24,CRUDE_RATE_CPAT,86.7,YY1TT2
AUS,2017,MPCBINVO,F,Y25T44,CRUDE_RATE_CPAT,81.3,YY2TT4
AUS,2017,MPCBINVO,F,Y45T64,CRUDE_RATE_CPAT,82.5,YY4TT6
AUS,2017,MPCBINVO,F,Y_GE65,CRUDE_RATE_CPAT,88.6,YY_TE6
AUS,2017,MPCBINVO,F,Total_16,CRUDE_RATE_CPAT,83.6,YToTal
AUS,2017,MPCBINVO,T,Y16T24,CRUDE_RATE_CPAT,86.3,YY1TT2
AUS,2017,MPCBINVO,T,Y25T44,CRUDE_RATE_CPAT,80.2,YY2TT4
AUS,2017,MPCBINVO,T,Y45T64,CRUDE_RATE_CPAT,81.3,YY4TT6
AUS,2017,MPCBINVO,T,Y_GE65,CRUDE_RATE_CPAT,86.6,YY_TE6
AUS,2017,MPCBINVO,T,Total_16,CRUDE_RATE_CPAT,81.8,YToTal
AUS,2018,MPCBINVO,M,Y16T24,CRUDE_RATE_CPAT,86.4,YY1TT2
AUS,2018,MPCBINVO,M,Y25T44,CRUDE_RATE_CPAT,72.8,YY2TT4
AUS,2018,MPCBINVO,M,Y45T64,CRUDE_RATE_CPAT,78.8,YY4TT6
AUS,2018,MPCBINVO,M,Y_GE65,CRUDE_RATE_CPAT,82.6,YY_TE6
AUS,2018,MPCBINVO,M,Total_16,CRUDE_RATE_CPAT,77.9,YToTal
AUS,2018,MPCBINVO,F,Y16T24,CRUDE_RATE_CPAT,86.9,YY1TT2
AUS,2018,MPCBINVO,F,Y25T44,CRUDE_RATE_CPAT,83.4,YY2TT4
AUS,2018,MPCBINVO,F,Y45T64,CRUDE_RATE_CPAT,85.8,YY4TT6
AUS,2018,MPCBINVO,F,Y_GE65,CRUDE_RATE_CPAT,86,YY_TE6
AUS,2018,MPCBINVO,F,Total_16,CRUDE_RATE_CPAT,85.1,YToTal
AUS,2018,MPCBINVO,T,Y16T24,CRUDE_RATE_CPAT,86.4,YY1TT2
AUS,2018,MPCBINVO,T,Y25T44,CRUDE_RATE_CPAT,77.4,YY2TT4
AUS,2018,MPCBINVO,T,Y45T64,CRUDE_RATE_CPAT,82.1,YY4TT6
AUS,2018,MPCBINVO,T,Y_GE65,CRUDE_RATE_CPAT,84.4,YY_TE6
AUS,2018,MPCBINVO,T,Total_16,CRUDE_RATE_CPAT,80.5,YToTal
AUS,2019,MPCBINVO,M,Y16T24,CRUDE_RATE_CPAT,85.3,YY1TT2
AUS,2019,MPCBINVO,M,Y25T44,CRUDE_RATE_CPAT,70.2,YY2TT4
AUS,2019,MPCBINVO,M,Y45T64,CRUDE_RATE_CPAT,75.7,YY4TT6
AUS,2019,MPCBINVO,M,Y_GE65,CRUDE_RATE_CPAT,88.6,YY_TE6
AUS,2019,MPCBINVO,M,Total_16,CRUDE_RATE_CPAT,76.1,YToTal
AUS,2019,MPCBINVO,F,Y16T24,CRUDE_RATE_CPAT,87.5,YY1TT2
AUS,2019,MPCBINVO,F,Y25T44,CRUDE_RATE_CPAT,82.6,YY2TT4
AUS,2019,MPCBINVO,F,Y45T64,CRUDE_RATE_CPAT,83.1,YY4TT6
AUS,2019,MPCBINVO,F,Y_GE65,CRUDE_RATE_CPAT,88.4,YY_TE6
AUS,2019,MPCBINVO,F,Total_16,CRUDE_RATE_CPAT,84.7,YToTal
AUS,2019,MPCBINVO,T,Y16T24,CRUDE_RATE_CPAT,86.5,YY1TT2
AUS,2019,MPCBINVO,T,Y25T44,CRUDE_RATE_CPAT,75.5,YY2TT4
AUS,2019,MPCBINVO,T,Y45T64,CRUDE_RATE_CPAT,79.4,YY4TT6
AUS,2019,MPCBINVO,T,Y_GE65,CRUDE_RATE_CPAT,88.3,YY_TE6
AUS,2019,MPCBINVO,T,Total_16,CRUDE_RATE_CPAT,79.5,YToTal
AUS,2020,MPCBINVO,M,Y16T24,CRUDE_RATE_CPAT,88,YY1TT2
AUS,2020,MPCBINVO,M,Y25T44,CRUDE_RATE_CPAT,74.5,YY2TT4
AUS,2020,MPCBINVO,M,Y45T64,CRUDE_RATE_CPAT,80.2,YY4TT6
AUS,2020,MPCBINVO,M,Y_GE65,CRUDE_RATE_CPAT,88.3,YY_TE6
AUS,2020,MPCBINVO,M,Total_16,CRUDE_RATE_CPAT,80.6,YToTal
AUS,2020,MPCBINVO,F,Y16T24,CRUDE_RATE_CPAT,86.8,YY1TT2
AUS,2020,MPCBINVO,F,Y25T44,CRUDE_RATE_CPAT,83.7,YY2TT4
AUS,2020,MPCBINVO,F,Y45T64,CRUDE_RATE_CPAT,82.8,YY4TT6
AUS,2020,MPCBINVO,F,Y_GE65,CRUDE_RATE_CPAT,89.4,YY_TE6
AUS,2020,MPCBINVO,F,Total_16,CRUDE_RATE_CPAT,85.3,YToTal
AUS,2020,MPCBINVO,T,Y16T24,CRUDE_RATE_CPAT,86.8,YY1TT2
AUS,2020,MPCBINVO,T,Y25T44,CRUDE_RATE_CPAT,78.7,YY2TT4
AUS,2020,MPCBINVO,T,Y45T64,CRUDE_RATE_CPAT,81.3,YY4TT6
AUS,2020,MPCBINVO,T,Y_GE65,CRUDE_RATE_CPAT,88.6,YY_TE6
AUS,2020,MPCBINVO,T,Total_16,CRUDE_RATE_CPAT,82.1,YToTal
AUS,2021,MPCBINVO,M,Y16T24,CRUDE_RATE_CPAT,86.5,YY1TT2
AUS,2021,MPCBINVO,M,Y25T44,CRUDE_RATE_CPAT,79.2,YY2TT4
AUS,2021,MPCBINVO,M,Y45T64,CRUDE_RATE_CPAT,81.5,YY4TT6
AUS,2021,MPCBINVO,M,Y_GE65,CRUDE_RATE_CPAT,88,YY_TE6
AUS,2021,MPCBINVO,M,Total_16,CRUDE_RATE_CPAT,82.3,YToTal
AUS,2021,MPCBINVO,F,Y16T24,CRUDE_RATE_CPAT,84.7,YY1TT2
AUS,2021,MPCBINVO,F,Y25T44,CRUDE_RATE_CPAT,83.9,YY2TT4
AUS,2021,MPCBINVO,F,Y45T64,CRUDE_RATE_CPAT,81.8,YY4TT6
AUS,2021,MPCBINVO,F,Y_GE65,CRUDE_RATE_CPAT,87.1,YY_TE6
AUS,2021,MPCBINVO,F,Total_16,CRUDE_RATE_CPAT,83.8,YToTal
AUS,2021,MPCBINVO,T,Y16T24,CRUDE_RATE_CPAT,84.9,YY1TT2
AUS,2021,MPCBINVO,T,Y25T44,CRUDE_RATE_CPAT,81.2,YY2TT4
AUS,2021,MPCBINVO,T,Y45T64,CRUDE_RATE_CPAT,81.5,YY4TT6
AUS,2021,MPCBINVO,T,Y_GE65,CRUDE_RATE_CPAT,87.2,YY_TE6
AUS,2021,MPCBINVO,T,Total_16,CRUDE_RATE_CPAT,81.7,YToTal
CAN,2017,MPIPRESP,M,Y16T24,CRUDE_RATE_CPAT,93.5483871,YY1TT2
CAN,2017,MPIPRESP,M,Y25T44,CRUDE_RATE_CPAT,88.42592593,YY2TT4
CAN,2017,MPIPRESP,M,Y45T64,CRUDE_RATE_CPAT,94.53125,YY4TT6
CAN,2017,MPIPRESP,M,Y_GE65,CRUDE_RATE_CPAT,95.45454545,YY_TE6
CAN,2017,MPIPRESP,M,Total_16,CRUDE_RATE_CPAT,91.35514019,YToTal
CAN,2017,MPIPRESP,F,Y16T24,CRUDE_RATE_CPAT,83.01886792,YY1TT2
CAN,2017,MPIPRESP,F,Y25T44,CRUDE_RATE_CPAT,93.10344828,YY2TT4
CAN,2017,MPIPRESP,F,Y45T64,CRUDE_RATE_CPAT,91.83673469,YY4TT6
CAN,2017,MPIPRESP,F,Y_GE65,CRUDE_RATE_CPAT,81.81818182,YY_TE6
CAN,2017,MPIPRESP,F,Total_16,CRUDE_RATE_CPAT,90.28776978,YToTal
CAN,2017,MPIPRESP,T,Y16T24,CRUDE_RATE_CPAT,88.69565217,YY1TT2
CAN,2017,MPIPRESP,T,Y25T44,CRUDE_RATE_CPAT,90.06024096,YY2TT4
CAN,2017,MPIPRESP,T,Y45T64,CRUDE_RATE_CPAT,93.36283186,YY4TT6
CAN,2017,MPIPRESP,T,Y_GE65,CRUDE_RATE_CPAT,90.90909091,YY_TE6
CAN,2017,MPIPRESP,T,Total_16,CRUDE_RATE_CPAT,90.93484419,YToTal
CAN,2018,MPIPRESP,M,Y16T24,CRUDE_RATE_CPAT,85.50724638,YY1TT2
CAN,2018,MPIPRESP,M,Y25T44,CRUDE_RATE_CPAT,87.93969849,YY2TT4
CAN,2018,MPIPRESP,M,Y45T64,CRUDE_RATE_CPAT,93.7007874,YY4TT6
CAN,2018,MPIPRESP,M,Y_GE65,CRUDE_RATE_CPAT,94.11764706,YY_TE6
CAN,2018,MPIPRESP,M,Total_16,CRUDE_RATE_CPAT,89.5631068,YToTal
CAN,2018,MPIPRESP,F,Y16T24,CRUDE_RATE_CPAT,89.77272727,YY1TT2
CAN,2018,MPIPRESP,F,Y25T44,CRUDE_RATE_CPAT,95.59748428,YY2TT4
CAN,2018,MPIPRESP,F,Y45T64,CRUDE_RATE_CPAT,93.27731092,YY4TT6
CAN,2018,MPIPRESP,F,Y_GE65,CRUDE_RATE_CPAT,92.59259259,YY_TE6
CAN,2018,MPIPRESP,F,Total_16,CRUDE_RATE_CPAT,93.38422392,YToTal
CAN,2018,MPIPRESP,T,Y16T24,CRUDE_RATE_CPAT,87.89808917,YY1TT2
CAN,2018,MPIPRESP,T,Y25T44,CRUDE_RATE_CPAT,91.34078212,YY2TT4
CAN,2018,MPIPRESP,T,Y45T64,CRUDE_RATE_CPAT,93.49593496,YY4TT6
CAN,2018,MPIPRESP,T,Y_GE65,CRUDE_RATE_CPAT,93.18181818,YY_TE6
CAN,2018,MPIPRESP,T,Total_16,CRUDE_RATE_CPAT,91.42857143,YToTal
CAN,2019,MPIPRESP,M,Y16T24,CRUDE_RATE_CPAT,89.87341772,YY1TT2
CAN,2019,MPIPRESP,M,Y25T44,CRUDE_RATE_CPAT,89.70099668,YY2TT4
CAN,2019,MPIPRESP,M,Y45T64,CRUDE_RATE_CPAT,89.33333333,YY4TT6
CAN,2019,MPIPRESP,M,Y_GE65,CRUDE_RATE_CPAT,82.85714286,YY_TE6
CAN,2019,MPIPRESP,M,Total_16,CRUDE_RATE_CPAT,89.20353982,YToTal
CAN,2019,MPIPRESP,F,Y16T24,CRUDE_RATE_CPAT,80.8,YY1TT2
CAN,2019,MPIPRESP,F,Y25T44,CRUDE_RATE_CPAT,87.78280543,YY2TT4
CAN,2019,MPIPRESP,F,Y45T64,CRUDE_RATE_CPAT,84.96240602,YY4TT6
CAN,2019,MPIPRESP,F,Y_GE65,CRUDE_RATE_CPAT,81.25,YY_TE6
CAN,2019,MPIPRESP,F,Total_16,CRUDE_RATE_CPAT,84.81973435,YToTal
CAN,2019,MPIPRESP,T,Y16T24,CRUDE_RATE_CPAT,84.31372549,YY1TT2
CAN,2019,MPIPRESP,T,Y25T44,CRUDE_RATE_CPAT,88.88888889,YY2TT4
CAN,2019,MPIPRESP,T,Y45T64,CRUDE_RATE_CPAT,87.27915194,YY4TT6
CAN,2019,MPIPRESP,T,Y_GE65,CRUDE_RATE_CPAT,81.92771084,YY_TE6
CAN,2019,MPIPRESP,T,Total_16,CRUDE_RATE_CPAT,87.08791209,YToTal
CAN,2020,MPIPRESP,M,Y16T24,CRUDE_RATE_CPAT,84.70588235,YY1TT2
CAN,2020,MPIPRESP,M,Y25T44,CRUDE_RATE_CPAT,86.40483384,YY2TT4
CAN,2020,MPIPRESP,M,Y45T64,CRUDE_RATE_CPAT,91.66666667,YY4TT6
CAN,2020,MPIPRESP,M,Y_GE65,CRUDE_RATE_CPAT,92.85714286,YY_TE6
CAN,2020,MPIPRESP,M,Total_16,CRUDE_RATE_CPAT,87.91390728,YToTal
CAN,2020,MPIPRESP,F,Y16T24,CRUDE_RATE_CPAT,75.94936709,YY1TT2
CAN,2020,MPIPRESP,F,Y25T44,CRUDE_RATE_CPAT,87.28323699,YY2TT4
CAN,2020,MPIPRESP,F,Y45T64,CRUDE_RATE_CPAT,88,YY4TT6
CAN,2020,MPIPRESP,F,Y_GE65,CRUDE_RATE_CPAT,93.61702128,YY_TE6
CAN,2020,MPIPRESP,F,Total_16,CRUDE_RATE_CPAT,85.96491228,YToTal
CAN,2020,MPIPRESP,T,Y16T24,CRUDE_RATE_CPAT,80.48780488,YY1TT2
CAN,2020,MPIPRESP,T,Y25T44,CRUDE_RATE_CPAT,86.70634921,YY2TT4
CAN,2020,MPIPRESP,T,Y45T64,CRUDE_RATE_CPAT,90.0862069,YY4TT6
CAN,2020,MPIPRESP,T,Y_GE65,CRUDE_RATE_CPAT,93.2038835,YY_TE6
CAN,2020,MPIPRESP,T,Total_16,CRUDE_RATE_CPAT,87.13858425,YToTal
CAN,2021,MPIPRESP,M,Y16T24,CRUDE_RATE_CPAT,86.07594937,YY1TT2
CAN,2021,MPIPRESP,M,Y25T44,CRUDE_RATE_CPAT,85.1744186,YY2TT4
CAN,2021,MPIPRESP,M,Y45T64,CRUDE_RATE_CPAT,91.30434783,YY4TT6
CAN,2021,MPIPRESP,M,Y_GE65,CRUDE_RATE_CPAT,82.69230769,YY_TE6
CAN,2021,MPIPRESP,M,Total_16,CRUDE_RATE_CPAT,86.79817906,YToTal
CAN,2021,MPIPRESP,F,Y16T24,CRUDE_RATE_CPAT,91.89189189,YY1TT2
CAN,2021,MPIPRESP,F,Y25T44,CRUDE_RATE_CPAT,84.55882353,YY2TT4
CAN,2021,MPIPRESP,F,Y45T64,CRUDE_RATE_CPAT,87.25490196,YY4TT6
CAN,2021,MPIPRESP,F,Y_GE65,CRUDE_RATE_CPAT,90.90909091,YY_TE6
CAN,2021,MPIPRESP,F,Total_16,CRUDE_RATE_CPAT,87.64044944,YToTal
CAN,2021,MPIPRESP,T,Y16T24,CRUDE_RATE_CPAT,88.88888889,YY1TT2
CAN,2021,MPIPRESP,T,Y25T44,CRUDE_RATE_CPAT,85,YY2TT4
CAN,2021,MPIPRESP,T,Y45T64,CRUDE_RATE_CPAT,89.86013986,YY4TT6
CAN,2021,MPIPRESP,T,Y_GE65,CRUDE_RATE_CPAT,86.45833333,YY_TE6
CAN,2021,MPIPRESP,T,Total_16,CRUDE_RATE_CPAT,87.09359606,YToTal
CAN,2022,MPIPRESP,M,Y16T24,CRUDE_RATE_CPAT,82.69230769,YY1TT2
CAN,2022,MPIPRESP,M,Y25T44,CRUDE_RATE_CPAT,91.30434783,YY2TT4
CAN,2022,MPIPRESP,M,Y45T64,CRUDE_RATE_CPAT,89.50276243,YY4TT6
CAN,2022,MPIPRESP,M,Y_GE65,CRUDE_RATE_CPAT,91.66666667,YY_TE6
CAN,2022,MPIPRESP,M,Total_16,CRUDE_RATE_CPAT,89.90825688,YToTal
CAN,2022,MPIPRESP,F,Y16T24,CRUDE_RATE_CPAT,87.3015873,YY1TT2
CAN,2022,MPIPRESP,F,Y25T44,CRUDE_RATE_CPAT,89.18918919,YY2TT4
CAN,2022,MPIPRESP,F,Y45T64,CRUDE_RATE_CPAT,93.22033898,YY4TT6
CAN,2022,MPIPRESP,F,Y_GE65,CRUDE_RATE_CPAT,90.625,YY_TE6
CAN,2022,MPIPRESP,F,Total_16,CRUDE_RATE_CPAT,90.43209877,YToTal
CAN,2022,MPIPRESP,T,Y16T24,CRUDE_RATE_CPAT,85.2173913,YY1TT2
CAN,2022,MPIPRESP,T,Y25T44,CRUDE_RATE_CPAT,90.69767442,YY2TT4
CAN,2022,MPIPRESP,T,Y45T64,CRUDE_RATE_CPAT,90.96989967,YY4TT6
CAN,2022,MPIPRESP,T,Y_GE65,CRUDE_RATE_CPAT,91.17647059,YY_TE6
CAN,2022,MPIPRESP,T,Total_16,CRUDE_RATE_CPAT,90.10356732,YToTal
CAN,2017,MPCBRESP,M,Y16T24,CRUDE_RATE_CPAT,97.22222222,YY1TT2
CAN,2017,MPCBRESP,M,Y25T44,CRUDE_RATE_CPAT,92.83819629,YY2TT4
CAN,2017,MPCBRESP,M,Y45T64,CRUDE_RATE_CPAT,95.94594595,YY4TT6
CAN,2017,MPCBRESP,M,Y_GE65,CRUDE_RATE_CPAT,93.25842697,YY_TE6
CAN,2017,MPCBRESP,M,Total_16,CRUDE_RATE_CPAT,94.60285132,YToTal
CAN,2017,MPCBRESP,F,Y16T24,CRUDE_RATE_CPAT,94.76744186,YY1TT2
CAN,2017,MPCBRESP,F,Y25T44,CRUDE_RATE_CPAT,96.4673913,YY2TT4
CAN,2017,MPCBRESP,F,Y45T64,CRUDE_RATE_CPAT,95.02164502,YY4TT6
CAN,2017,MPCBRESP,F,Y_GE65,CRUDE_RATE_CPAT,93.33333333,YY_TE6
CAN,2017,MPCBRESP,F,Total_16,CRUDE_RATE_CPAT,95.27629234,YToTal
CAN,2017,MPCBRESP,T,Y16T24,CRUDE_RATE_CPAT,95.49180328,YY1TT2
CAN,2017,MPCBRESP,T,Y25T44,CRUDE_RATE_CPAT,94.63087248,YY2TT4
CAN,2017,MPCBRESP,T,Y45T64,CRUDE_RATE_CPAT,95.47461369,YY4TT6
CAN,2017,MPCBRESP,T,Y_GE65,CRUDE_RATE_CPAT,93.30143541,YY_TE6
CAN,2017,MPCBRESP,T,Total_16,CRUDE_RATE_CPAT,94.96197719,YToTal
CAN,2018,MPCBRESP,M,Y16T24,CRUDE_RATE_CPAT,92.85714286,YY1TT2
CAN,2018,MPCBRESP,M,Y25T44,CRUDE_RATE_CPAT,93.67346939,YY2TT4
CAN,2018,MPCBRESP,M,Y45T64,CRUDE_RATE_CPAT,93.65079365,YY4TT6
CAN,2018,MPCBRESP,M,Y_GE65,CRUDE_RATE_CPAT,90.29126214,YY_TE6
CAN,2018,MPCBRESP,M,Total_16,CRUDE_RATE_CPAT,93.25657895,YToTal
CAN,2018,MPCBRESP,F,Y16T24,CRUDE_RATE_CPAT,96.79715302,YY1TT2
CAN,2018,MPCBRESP,F,Y25T44,CRUDE_RATE_CPAT,96.53179191,YY2TT4
CAN,2018,MPCBRESP,F,Y45T64,CRUDE_RATE_CPAT,95.87628866,YY4TT6
CAN,2018,MPCBRESP,F,Y_GE65,CRUDE_RATE_CPAT,95.1048951,YY_TE6
CAN,2018,MPCBRESP,F,Total_16,CRUDE_RATE_CPAT,96.19672131,YToTal
CAN,2018,MPCBRESP,T,Y16T24,CRUDE_RATE_CPAT,95.24838013,YY1TT2
CAN,2018,MPCBRESP,T,Y25T44,CRUDE_RATE_CPAT,95.14370664,YY2TT4
CAN,2018,MPCBRESP,T,Y45T64,CRUDE_RATE_CPAT,94.91691105,YY4TT6
CAN,2018,MPCBRESP,T,Y_GE65,CRUDE_RATE_CPAT,93.08943089,YY_TE6
CAN,2018,MPCBRESP,T,Total_16,CRUDE_RATE_CPAT,94.89237505,YToTal
CAN,2019,MPCBRESP,M,Y16T24,CRUDE_RATE_CPAT,88.80866426,YY1TT2
CAN,2019,MPCBRESP,M,Y25T44,CRUDE_RATE_CPAT,91.84466019,YY2TT4
CAN,2019,MPCBRESP,M,Y45T64,CRUDE_RATE_CPAT,94.01709402,YY4TT6
CAN,2019,MPCBRESP,M,Y_GE65,CRUDE_RATE_CPAT,88.88888889,YY_TE6
CAN,2019,MPCBRESP,M,Total_16,CRUDE_RATE_CPAT,91.66666667,YToTal
CAN,2019,MPCBRESP,F,Y16T24,CRUDE_RATE_CPAT,90.10989011,YY1TT2
CAN,2019,MPCBRESP,F,Y25T44,CRUDE_RATE_CPAT,97.68115942,YY2TT4
CAN,2019,MPCBRESP,F,Y45T64,CRUDE_RATE_CPAT,95.94405594,YY4TT6
CAN,2019,MPCBRESP,F,Y_GE65,CRUDE_RATE_CPAT,90.45454545,YY_TE6
CAN,2019,MPCBRESP,F,Total_16,CRUDE_RATE_CPAT,94.66346154,YToTal
CAN,2019,MPCBRESP,T,Y16T24,CRUDE_RATE_CPAT,89.61748634,YY1TT2
CAN,2019,MPCBRESP,T,Y25T44,CRUDE_RATE_CPAT,95.18672199,YY2TT4
CAN,2019,MPCBRESP,T,Y45T64,CRUDE_RATE_CPAT,95.18174134,YY4TT6
CAN,2019,MPCBRESP,T,Y_GE65,CRUDE_RATE_CPAT,89.83516484,YY_TE6
CAN,2019,MPCBRESP,T,Total_16,CRUDE_RATE_CPAT,93.45579793,YToTal
CAN,2020,MPCBRESP,M,Y16T24,CRUDE_RATE_CPAT,67.03296703,YY1TT2
CAN,2020,MPCBRESP,M,Y25T44,CRUDE_RATE_CPAT,95,YY2TT4
CAN,2020,MPCBRESP,M,Y45T64,CRUDE_RATE_CPAT,87.80487805,YY4TT6
CAN,2020,MPCBRESP,M,Y_GE65,CRUDE_RATE_CPAT,96.36363636,YY_TE6
CAN,2020,MPCBRESP,M,Total_16,CRUDE_RATE_CPAT,88.88888889,YToTal
CAN,2020,MPCBRESP,F,Y16T24,CRUDE_RATE_CPAT,89.3129771,YY1TT2
CAN,2020,MPCBRESP,F,Y25T44,CRUDE_RATE_CPAT,91.14285714,YY2TT4
CAN,2020,MPCBRESP,F,Y45T64,CRUDE_RATE_CPAT,89.58333333,YY4TT6
CAN,2020,MPCBRESP,F,Y_GE65,CRUDE_RATE_CPAT,93.2038835,YY_TE6
CAN,2020,MPCBRESP,F,Total_16,CRUDE_RATE_CPAT,90.72164948,YToTal
CAN,2020,MPCBRESP,T,Y16T24,CRUDE_RATE_CPAT,80.18018018,YY1TT2
CAN,2020,MPCBRESP,T,Y25T44,CRUDE_RATE_CPAT,92.85714286,YY2TT4
CAN,2020,MPCBRESP,T,Y45T64,CRUDE_RATE_CPAT,88.88888889,YY4TT6
CAN,2020,MPCBRESP,T,Y_GE65,CRUDE_RATE_CPAT,94.30379747,YY_TE6
CAN,2020,MPCBRESP,T,Total_16,CRUDE_RATE_CPAT,89.96226415,YToTal
CAN,2021,MPCBRESP,M,Y16T24,CRUDE_RATE_CPAT,90.4109589,YY1TT2
CAN,2021,MPCBRESP,M,Y25T44,CRUDE_RATE_CPAT,91.66666667,YY2TT4
CAN,2021,MPCBRESP,M,Y45T64,CRUDE_RATE_CPAT,91.58415842,YY4TT6
CAN,2021,MPCBRESP,M,Y_GE65,CRUDE_RATE_CPAT,95.50561798,YY_TE6
CAN,2021,MPCBRESP,M,Total_16,CRUDE_RATE_CPAT,92.04545455,YToTal
CAN,2021,MPCBRESP,F,Y16T24,CRUDE_RATE_CPAT,88.60103627,YY1TT2
CAN,2021,MPCBRESP,F,Y25T44,CRUDE_RATE_CPAT,96.86520376,YY2TT4
CAN,2021,MPCBRESP,F,Y45T64,CRUDE_RATE_CPAT,90.49180328,YY4TT6
CAN,2021,MPCBRESP,F,Y_GE65,CRUDE_RATE_CPAT,94.40993789,YY_TE6
CAN,2021,MPCBRESP,F,Total_16,CRUDE_RATE_CPAT,92.84253579,YToTal
CAN,2021,MPCBRESP,T,Y16T24,CRUDE_RATE_CPAT,89.09774436,YY1TT2
CAN,2021,MPCBRESP,T,Y25T44,CRUDE_RATE_CPAT,94.5709282,YY2TT4
CAN,2021,MPCBRESP,T,Y45T64,CRUDE_RATE_CPAT,90.9270217,YY4TT6
CAN,2021,MPCBRESP,T,Y_GE65,CRUDE_RATE_CPAT,94.8,YY_TE6
CAN,2021,MPCBRESP,T,Total_16,CRUDE_RATE_CPAT,92.53450439,YToTal
CAN,2022,MPCBRESP,M,Y16T24,CRUDE_RATE_CPAT,93.10344828,YY1TT2
CAN,2022,MPCBRESP,M,Y25T44,CRUDE_RATE_CPAT,95.88014981,YY2TT4
CAN,2022,MPCBRESP,M,Y45T64,CRUDE_RATE_CPAT,95.91836735,YY4TT6
CAN,2022,MPCBRESP,M,Y_GE65,CRUDE_RATE_CPAT,82.90598291,YY_TE6
CAN,2022,MPCBRESP,M,Total_16,CRUDE_RATE_CPAT,93.75796178,YToTal
CAN,2022,MPCBRESP,F,Y16T24,CRUDE_RATE_CPAT,76.40449438,YY1TT2
CAN,2022,MPCBRESP,F,Y25T44,CRUDE_RATE_CPAT,93.01587302,YY2TT4
CAN,2022,MPCBRESP,F,Y45T64,CRUDE_RATE_CPAT,97.06666667,YY4TT6
CAN,2022,MPCBRESP,F,Y_GE65,CRUDE_RATE_CPAT,93.82022472,YY_TE6
CAN,2022,MPCBRESP,F,Total_16,CRUDE_RATE_CPAT,93.20794148,YToTal
CAN,2022,MPCBRESP,T,Y16T24,CRUDE_RATE_CPAT,82.99319728,YY1TT2
CAN,2022,MPCBRESP,T,Y25T44,CRUDE_RATE_CPAT,94.32989691,YY2TT4
CAN,2022,MPCBRESP,T,Y45T64,CRUDE_RATE_CPAT,96.51810585,YY4TT6
CAN,2022,MPCBRESP,T,Y_GE65,CRUDE_RATE_CPAT,89.49152542,YY_TE6
CAN,2022,MPCBRESP,T,Total_16,CRUDE_RATE_CPAT,93.45579793,YToTal
CAN,2017,MPIPEXPL,M,Y16T24,CRUDE_RATE_CPAT,87.09677419,YY1TT2
CAN,2017,MPIPEXPL,M,Y25T44,CRUDE_RATE_CPAT,81.48148148,YY2TT4
CAN,2017,MPIPEXPL,M,Y45T64,CRUDE_RATE_CPAT,82.8125,YY4TT6
CAN,2017,MPIPEXPL,M,Y_GE65,CRUDE_RATE_CPAT,72.72727273,YY_TE6
CAN,2017,MPIPEXPL,M,Total_16,CRUDE_RATE_CPAT,82.24299065,YToTal
CAN,2017,MPIPEXPL,F,Y16T24,CRUDE_RATE_CPAT,81.13207547,YY1TT2
CAN,2017,MPIPEXPL,F,Y25T44,CRUDE_RATE_CPAT,84.48275862,YY2TT4
CAN,2017,MPIPEXPL,F,Y45T64,CRUDE_RATE_CPAT,75.51020408,YY4TT6
CAN,2017,MPIPEXPL,F,Y_GE65,CRUDE_RATE_CPAT,63.63636364,YY_TE6
CAN,2017,MPIPEXPL,F,Total_16,CRUDE_RATE_CPAT,79.85611511,YToTal
CAN,2017,MPIPEXPL,T,Y16T24,CRUDE_RATE_CPAT,84.34782609,YY1TT2
CAN,2017,MPIPEXPL,T,Y25T44,CRUDE_RATE_CPAT,82.53012048,YY2TT4
CAN,2017,MPIPEXPL,T,Y45T64,CRUDE_RATE_CPAT,79.6460177,YY4TT6
CAN,2017,MPIPEXPL,T,Y_GE65,CRUDE_RATE_CPAT,69.6969697,YY_TE6
CAN,2017,MPIPEXPL,T,Total_16,CRUDE_RATE_CPAT,81.30311615,YToTal
CAN,2018,MPIPEXPL,M,Y16T24,CRUDE_RATE_CPAT,86.95652174,YY1TT2
CAN,2018,MPIPEXPL,M,Y25T44,CRUDE_RATE_CPAT,83.91959799,YY2TT4
CAN,2018,MPIPEXPL,M,Y45T64,CRUDE_RATE_CPAT,85.82677165,YY4TT6
CAN,2018,MPIPEXPL,M,Y_GE65,CRUDE_RATE_CPAT,70.58823529,YY_TE6
CAN,2018,MPIPEXPL,M,Total_16,CRUDE_RATE_CPAT,84.46601942,YToTal
CAN,2018,MPIPEXPL,F,Y16T24,CRUDE_RATE_CPAT,84.09090909,YY1TT2
CAN,2018,MPIPEXPL,F,Y25T44,CRUDE_RATE_CPAT,88.05031447,YY2TT4
CAN,2018,MPIPEXPL,F,Y45T64,CRUDE_RATE_CPAT,86.55462185,YY4TT6
CAN,2018,MPIPEXPL,F,Y_GE65,CRUDE_RATE_CPAT,96.2962963,YY_TE6
CAN,2018,MPIPEXPL,F,Total_16,CRUDE_RATE_CPAT,87.27735369,YToTal
CAN,2018,MPIPEXPL,T,Y16T24,CRUDE_RATE_CPAT,85.35031847,YY1TT2
CAN,2018,MPIPEXPL,T,Y25T44,CRUDE_RATE_CPAT,85.75418994,YY2TT4
CAN,2018,MPIPEXPL,T,Y45T64,CRUDE_RATE_CPAT,86.17886179,YY4TT6
CAN,2018,MPIPEXPL,T,Y_GE65,CRUDE_RATE_CPAT,86.36363636,YY_TE6
CAN,2018,MPIPEXPL,T,Total_16,CRUDE_RATE_CPAT,85.83850932,YToTal
CAN,2019,MPIPEXPL,M,Y16T24,CRUDE_RATE_CPAT,87.34177215,YY1TT2
CAN,2019,MPIPEXPL,M,Y25T44,CRUDE_RATE_CPAT,80.73089701,YY2TT4
CAN,2019,MPIPEXPL,M,Y45T64,CRUDE_RATE_CPAT,81.33333333,YY4TT6
CAN,2019,MPIPEXPL,M,Y_GE65,CRUDE_RATE_CPAT,74.28571429,YY_TE6
CAN,2019,MPIPEXPL,M,Total_16,CRUDE_RATE_CPAT,81.4159292,YToTal
CAN,2019,MPIPEXPL,F,Y16T24,CRUDE_RATE_CPAT,72,YY1TT2
CAN,2019,MPIPEXPL,F,Y25T44,CRUDE_RATE_CPAT,80.54298643,YY2TT4
CAN,2019,MPIPEXPL,F,Y45T64,CRUDE_RATE_CPAT,81.95488722,YY4TT6
CAN,2019,MPIPEXPL,F,Y_GE65,CRUDE_RATE_CPAT,64.58333333,YY_TE6
CAN,2019,MPIPEXPL,F,Total_16,CRUDE_RATE_CPAT,77.41935484,YToTal
CAN,2019,MPIPEXPL,T,Y16T24,CRUDE_RATE_CPAT,77.94117647,YY1TT2
CAN,2019,MPIPEXPL,T,Y25T44,CRUDE_RATE_CPAT,80.651341,YY2TT4
CAN,2019,MPIPEXPL,T,Y45T64,CRUDE_RATE_CPAT,81.6254417,YY4TT6
CAN,2019,MPIPEXPL,T,Y_GE65,CRUDE_RATE_CPAT,68.6746988,YY_TE6
CAN,2019,MPIPEXPL,T,Total_16,CRUDE_RATE_CPAT,79.48717949,YToTal
CAN,2020,MPIPEXPL,M,Y16T24,CRUDE_RATE_CPAT,69.41176471,YY1TT2
CAN,2020,MPIPEXPL,M,Y25T44,CRUDE_RATE_CPAT,76.43504532,YY2TT4
CAN,2020,MPIPEXPL,M,Y45T64,CRUDE_RATE_CPAT,80.3030303,YY4TT6
CAN,2020,MPIPEXPL,M,Y_GE65,CRUDE_RATE_CPAT,75,YY_TE6
CAN,2020,MPIPEXPL,M,Total_16,CRUDE_RATE_CPAT,76.1589404,YToTal
CAN,2020,MPIPEXPL,F,Y16T24,CRUDE_RATE_CPAT,68.35443038,YY1TT2
CAN,2020,MPIPEXPL,F,Y25T44,CRUDE_RATE_CPAT,78.61271676,YY2TT4
CAN,2020,MPIPEXPL,F,Y45T64,CRUDE_RATE_CPAT,80,YY4TT6
CAN,2020,MPIPEXPL,F,Y_GE65,CRUDE_RATE_CPAT,65.95744681,YY_TE6
CAN,2020,MPIPEXPL,F,Total_16,CRUDE_RATE_CPAT,75.43859649,YToTal
CAN,2020,MPIPEXPL,T,Y16T24,CRUDE_RATE_CPAT,68.90243902,YY1TT2
CAN,2020,MPIPEXPL,T,Y25T44,CRUDE_RATE_CPAT,77.18253968,YY2TT4
CAN,2020,MPIPEXPL,T,Y45T64,CRUDE_RATE_CPAT,80.17241379,YY4TT6
CAN,2020,MPIPEXPL,T,Y_GE65,CRUDE_RATE_CPAT,70.87378641,YY_TE6
CAN,2020,MPIPEXPL,T,Total_16,CRUDE_RATE_CPAT,75.87238285,YToTal
CAN,2021,MPIPEXPL,M,Y16T24,CRUDE_RATE_CPAT,72.15189873,YY1TT2
CAN,2021,MPIPEXPL,M,Y25T44,CRUDE_RATE_CPAT,79.36046512,YY2TT4
CAN,2021,MPIPEXPL,M,Y45T64,CRUDE_RATE_CPAT,84.7826087,YY4TT6
CAN,2021,MPIPEXPL,M,Y_GE65,CRUDE_RATE_CPAT,63.46153846,YY_TE6
CAN,2021,MPIPEXPL,M,Total_16,CRUDE_RATE_CPAT,78.75569044,YToTal
CAN,2021,MPIPEXPL,F,Y16T24,CRUDE_RATE_CPAT,75.67567568,YY1TT2
CAN,2021,MPIPEXPL,F,Y25T44,CRUDE_RATE_CPAT,83.82352941,YY2TT4
CAN,2021,MPIPEXPL,F,Y45T64,CRUDE_RATE_CPAT,81.37254902,YY4TT6
CAN,2021,MPIPEXPL,F,Y_GE65,CRUDE_RATE_CPAT,84.09090909,YY_TE6
CAN,2021,MPIPEXPL,F,Total_16,CRUDE_RATE_CPAT,81.46067416,YToTal
CAN,2021,MPIPEXPL,T,Y16T24,CRUDE_RATE_CPAT,73.85620915,YY1TT2
CAN,2021,MPIPEXPL,T,Y25T44,CRUDE_RATE_CPAT,80.625,YY2TT4
CAN,2021,MPIPEXPL,T,Y45T64,CRUDE_RATE_CPAT,83.56643357,YY4TT6
CAN,2021,MPIPEXPL,T,Y_GE65,CRUDE_RATE_CPAT,72.91666667,YY_TE6
CAN,2021,MPIPEXPL,T,Total_16,CRUDE_RATE_CPAT,79.7044335,YToTal
CAN,2022,MPIPEXPL,M,Y16T24,CRUDE_RATE_CPAT,90.38461538,YY1TT2
CAN,2022,MPIPEXPL,M,Y25T44,CRUDE_RATE_CPAT,88.04347826,YY2TT4
CAN,2022,MPIPEXPL,M,Y45T64,CRUDE_RATE_CPAT,83.97790055,YY4TT6
CAN,2022,MPIPEXPL,M,Y_GE65,CRUDE_RATE_CPAT,66.66666667,YY_TE6
CAN,2022,MPIPEXPL,M,Total_16,CRUDE_RATE_CPAT,85.50458716,YToTal
CAN,2022,MPIPEXPL,F,Y16T24,CRUDE_RATE_CPAT,74.6031746,YY1TT2
CAN,2022,MPIPEXPL,F,Y25T44,CRUDE_RATE_CPAT,81.98198198,YY2TT4
CAN,2022,MPIPEXPL,F,Y45T64,CRUDE_RATE_CPAT,78.81355932,YY4TT6
CAN,2022,MPIPEXPL,F,Y_GE65,CRUDE_RATE_CPAT,87.5,YY_TE6
CAN,2022,MPIPEXPL,F,Total_16,CRUDE_RATE_CPAT,79.9382716,YToTal
CAN,2022,MPIPEXPL,T,Y16T24,CRUDE_RATE_CPAT,81.73913043,YY1TT2
CAN,2022,MPIPEXPL,T,Y25T44,CRUDE_RATE_CPAT,86.30490956,YY2TT4
CAN,2022,MPIPEXPL,T,Y45T64,CRUDE_RATE_CPAT,81.93979933,YY4TT6
CAN,2022,MPIPEXPL,T,Y_GE65,CRUDE_RATE_CPAT,76.47058824,YY_TE6
CAN,2022,MPIPEXPL,T,Total_16,CRUDE_RATE_CPAT,83.429229,YToTal
CAN,2017,MPCBEXPL,M,Y16T24,CRUDE_RATE_CPAT,91.66666667,YY1TT2
CAN,2017,MPCBEXPL,M,Y25T44,CRUDE_RATE_CPAT,87.79840849,YY2TT4
CAN,2017,MPCBEXPL,M,Y45T64,CRUDE_RATE_CPAT,84.90990991,YY4TT6
CAN,2017,MPCBEXPL,M,Y_GE65,CRUDE_RATE_CPAT,85.39325843,YY_TE6
CAN,2017,MPCBEXPL,M,Total_16,CRUDE_RATE_CPAT,86.55804481,YToTal
CAN,2017,MPCBEXPL,F,Y16T24,CRUDE_RATE_CPAT,89.53488372,YY1TT2
CAN,2017,MPCBEXPL,F,Y25T44,CRUDE_RATE_CPAT,92.11956522,YY2TT4
CAN,2017,MPCBEXPL,F,Y45T64,CRUDE_RATE_CPAT,89.39393939,YY4TT6
CAN,2017,MPCBEXPL,F,Y_GE65,CRUDE_RATE_CPAT,75.83333333,YY_TE6
CAN,2017,MPCBEXPL,F,Total_16,CRUDE_RATE_CPAT,88.85918004,YToTal
CAN,2017,MPCBEXPL,T,Y16T24,CRUDE_RATE_CPAT,90.16393443,YY1TT2
CAN,2017,MPCBEXPL,T,Y25T44,CRUDE_RATE_CPAT,89.93288591,YY2TT4
CAN,2017,MPCBEXPL,T,Y45T64,CRUDE_RATE_CPAT,87.19646799,YY4TT6
CAN,2017,MPCBEXPL,T,Y_GE65,CRUDE_RATE_CPAT,79.90430622,YY_TE6
CAN,2017,MPCBEXPL,T,Total_16,CRUDE_RATE_CPAT,87.7851711,YToTal
CAN,2018,MPCBEXPL,M,Y16T24,CRUDE_RATE_CPAT,84.61538462,YY1TT2
CAN,2018,MPCBEXPL,M,Y25T44,CRUDE_RATE_CPAT,91.83673469,YY2TT4
CAN,2018,MPCBEXPL,M,Y45T64,CRUDE_RATE_CPAT,84.58049887,YY4TT6
CAN,2018,MPCBEXPL,M,Y_GE65,CRUDE_RATE_CPAT,75.72815534,YY_TE6
CAN,2018,MPCBEXPL,M,Total_16,CRUDE_RATE_CPAT,86.75986842,YToTal
CAN,2018,MPCBEXPL,F,Y16T24,CRUDE_RATE_CPAT,91.81494662,YY1TT2
CAN,2018,MPCBEXPL,F,Y25T44,CRUDE_RATE_CPAT,91.71483622,YY2TT4
CAN,2018,MPCBEXPL,F,Y45T64,CRUDE_RATE_CPAT,85.56701031,YY4TT6
CAN,2018,MPCBEXPL,F,Y_GE65,CRUDE_RATE_CPAT,70.62937063,YY_TE6
CAN,2018,MPCBEXPL,F,Total_16,CRUDE_RATE_CPAT,87.40983607,YToTal
CAN,2018,MPCBEXPL,T,Y16T24,CRUDE_RATE_CPAT,88.98488121,YY1TT2
CAN,2018,MPCBEXPL,T,Y25T44,CRUDE_RATE_CPAT,91.7740337,YY2TT4
CAN,2018,MPCBEXPL,T,Y45T64,CRUDE_RATE_CPAT,85.14173998,YY4TT6
CAN,2018,MPCBEXPL,T,Y_GE65,CRUDE_RATE_CPAT,72.76422764,YY_TE6
CAN,2018,MPCBEXPL,T,Total_16,CRUDE_RATE_CPAT,87.12148851,YToTal
CAN,2019,MPCBEXPL,M,Y16T24,CRUDE_RATE_CPAT,84.11552347,YY1TT2
CAN,2019,MPCBEXPL,M,Y25T44,CRUDE_RATE_CPAT,89.90291262,YY2TT4
CAN,2019,MPCBEXPL,M,Y45T64,CRUDE_RATE_CPAT,88.03418803,YY4TT6
CAN,2019,MPCBEXPL,M,Y_GE65,CRUDE_RATE_CPAT,70.83333333,YY_TE6
CAN,2019,MPCBEXPL,M,Total_16,CRUDE_RATE_CPAT,86.18233618,YToTal
CAN,2019,MPCBEXPL,F,Y16T24,CRUDE_RATE_CPAT,89.01098901,YY1TT2
CAN,2019,MPCBEXPL,F,Y25T44,CRUDE_RATE_CPAT,89.27536232,YY2TT4
CAN,2019,MPCBEXPL,F,Y45T64,CRUDE_RATE_CPAT,84.75524476,YY4TT6
CAN,2019,MPCBEXPL,F,Y_GE65,CRUDE_RATE_CPAT,70.90909091,YY_TE6
CAN,2019,MPCBEXPL,F,Total_16,CRUDE_RATE_CPAT,85.72115385,YToTal
CAN,2019,MPCBEXPL,T,Y16T24,CRUDE_RATE_CPAT,87.15846995,YY1TT2
CAN,2019,MPCBEXPL,T,Y25T44,CRUDE_RATE_CPAT,89.54356846,YY2TT4
CAN,2019,MPCBEXPL,T,Y45T64,CRUDE_RATE_CPAT,86.05240913,YY4TT6
CAN,2019,MPCBEXPL,T,Y_GE65,CRUDE_RATE_CPAT,70.87912088,YY_TE6
CAN,2019,MPCBEXPL,T,Total_16,CRUDE_RATE_CPAT,85.90700344,YToTal
CAN,2020,MPCBEXPL,M,Y16T24,CRUDE_RATE_CPAT,71.42857143,YY1TT2
CAN,2020,MPCBEXPL,M,Y25T44,CRUDE_RATE_CPAT,81.07142857,YY2TT4
CAN,2020,MPCBEXPL,M,Y45T64,CRUDE_RATE_CPAT,66.66666667,YY4TT6
CAN,2020,MPCBEXPL,M,Y_GE65,CRUDE_RATE_CPAT,80,YY_TE6
CAN,2020,MPCBEXPL,M,Total_16,CRUDE_RATE_CPAT,76.13843352,YToTal
CAN,2020,MPCBEXPL,F,Y16T24,CRUDE_RATE_CPAT,83.96946565,YY1TT2
CAN,2020,MPCBEXPL,F,Y25T44,CRUDE_RATE_CPAT,82.28571429,YY2TT4
CAN,2020,MPCBEXPL,F,Y45T64,CRUDE_RATE_CPAT,80.72916667,YY4TT6
CAN,2020,MPCBEXPL,F,Y_GE65,CRUDE_RATE_CPAT,68.93203883,YY_TE6
CAN,2020,MPCBEXPL,F,Total_16,CRUDE_RATE_CPAT,80.41237113,YToTal
CAN,2020,MPCBEXPL,T,Y16T24,CRUDE_RATE_CPAT,78.82882883,YY1TT2
CAN,2020,MPCBEXPL,T,Y25T44,CRUDE_RATE_CPAT,81.74603175,YY2TT4
CAN,2020,MPCBEXPL,T,Y45T64,CRUDE_RATE_CPAT,75.23809524,YY4TT6
CAN,2020,MPCBEXPL,T,Y_GE65,CRUDE_RATE_CPAT,72.78481013,YY_TE6
CAN,2020,MPCBEXPL,T,Total_16,CRUDE_RATE_CPAT,78.64150943,YToTal
CAN,2021,MPCBEXPL,M,Y16T24,CRUDE_RATE_CPAT,72.60273973,YY1TT2
CAN,2021,MPCBEXPL,M,Y25T44,CRUDE_RATE_CPAT,84.52380952,YY2TT4
CAN,2021,MPCBEXPL,M,Y45T64,CRUDE_RATE_CPAT,84.15841584,YY4TT6
CAN,2021,MPCBEXPL,M,Y_GE65,CRUDE_RATE_CPAT,80.8988764,YY_TE6
CAN,2021,MPCBEXPL,M,Total_16,CRUDE_RATE_CPAT,82.46753247,YToTal
CAN,2021,MPCBEXPL,F,Y16T24,CRUDE_RATE_CPAT,82.9015544,YY1TT2
CAN,2021,MPCBEXPL,F,Y25T44,CRUDE_RATE_CPAT,81.81818182,YY2TT4
CAN,2021,MPCBEXPL,F,Y45T64,CRUDE_RATE_CPAT,78.36065574,YY4TT6
CAN,2021,MPCBEXPL,F,Y_GE65,CRUDE_RATE_CPAT,78.88198758,YY_TE6
CAN,2021,MPCBEXPL,F,Total_16,CRUDE_RATE_CPAT,80.47034765,YToTal
CAN,2021,MPCBEXPL,T,Y16T24,CRUDE_RATE_CPAT,80.07518797,YY1TT2
CAN,2021,MPCBEXPL,T,Y25T44,CRUDE_RATE_CPAT,83.01225919,YY2TT4
CAN,2021,MPCBEXPL,T,Y45T64,CRUDE_RATE_CPAT,80.67061144,YY4TT6
CAN,2021,MPCBEXPL,T,Y_GE65,CRUDE_RATE_CPAT,79.6,YY_TE6
CAN,2021,MPCBEXPL,T,Total_16,CRUDE_RATE_CPAT,81.24215809,YToTal
CAN,2022,MPCBEXPL,M,Y16T24,CRUDE_RATE_CPAT,82.75862069,YY1TT2
CAN,2022,MPCBEXPL,M,Y25T44,CRUDE_RATE_CPAT,79.7752809,YY2TT4
CAN,2022,MPCBEXPL,M,Y45T64,CRUDE_RATE_CPAT,89.50437318,YY4TT6
CAN,2022,MPCBEXPL,M,Y_GE65,CRUDE_RATE_CPAT,83.76068376,YY_TE6
CAN,2022,MPCBEXPL,M,Total_16,CRUDE_RATE_CPAT,84.84076433,YToTal
CAN,2022,MPCBEXPL,F,Y16T24,CRUDE_RATE_CPAT,87.64044944,YY1TT2
CAN,2022,MPCBEXPL,F,Y25T44,CRUDE_RATE_CPAT,84.76190476,YY2TT4
CAN,2022,MPCBEXPL,F,Y45T64,CRUDE_RATE_CPAT,82.93333333,YY4TT6
CAN,2022,MPCBEXPL,F,Y_GE65,CRUDE_RATE_CPAT,84.83146067,YY_TE6
CAN,2022,MPCBEXPL,F,Total_16,CRUDE_RATE_CPAT,84.32601881,YToTal
CAN,2022,MPCBEXPL,T,Y16T24,CRUDE_RATE_CPAT,85.71428571,YY1TT2
CAN,2022,MPCBEXPL,T,Y25T44,CRUDE_RATE_CPAT,82.4742268,YY2TT4
CAN,2022,MPCBEXPL,T,Y45T64,CRUDE_RATE_CPAT,86.0724234,YY4TT6
CAN,2022,MPCBEXPL,T,Y_GE65,CRUDE_RATE_CPAT,84.40677966,YY_TE6
CAN,2022,MPCBEXPL,T,Total_16,CRUDE_RATE_CPAT,84.55797933,YToTal
CAN,2017,MPIPINVO,M,Y16T24,CRUDE_RATE_CPAT,80.64516129,YY1TT2
CAN,2017,MPIPINVO,M,Y25T44,CRUDE_RATE_CPAT,75.92592593,YY2TT4
CAN,2017,MPIPINVO,M,Y45T64,CRUDE_RATE_CPAT,75.78125,YY4TT6
CAN,2017,MPIPINVO,M,Y_GE65,CRUDE_RATE_CPAT,72.72727273,YY_TE6
CAN,2017,MPIPINVO,M,Total_16,CRUDE_RATE_CPAT,76.40186916,YToTal
CAN,2017,MPIPINVO,F,Y16T24,CRUDE_RATE_CPAT,79.24528302,YY1TT2
CAN,2017,MPIPINVO,F,Y25T44,CRUDE_RATE_CPAT,87.93103448,YY2TT4
CAN,2017,MPIPINVO,F,Y45T64,CRUDE_RATE_CPAT,83.67346939,YY4TT6
CAN,2017,MPIPINVO,F,Y_GE65,CRUDE_RATE_CPAT,81.81818182,YY_TE6
CAN,2017,MPIPINVO,F,Total_16,CRUDE_RATE_CPAT,84.5323741,YToTal
CAN,2017,MPIPINVO,T,Y16T24,CRUDE_RATE_CPAT,80,YY1TT2
CAN,2017,MPIPINVO,T,Y25T44,CRUDE_RATE_CPAT,80.12048193,YY2TT4
CAN,2017,MPIPINVO,T,Y45T64,CRUDE_RATE_CPAT,79.20353982,YY4TT6
CAN,2017,MPIPINVO,T,Y_GE65,CRUDE_RATE_CPAT,75.75757576,YY_TE6
CAN,2017,MPIPINVO,T,Total_16,CRUDE_RATE_CPAT,79.60339943,YToTal
CAN,2018,MPIPINVO,M,Y16T24,CRUDE_RATE_CPAT,84.05797101,YY1TT2
CAN,2018,MPIPINVO,M,Y25T44,CRUDE_RATE_CPAT,84.92462312,YY2TT4
CAN,2018,MPIPINVO,M,Y45T64,CRUDE_RATE_CPAT,88.97637795,YY4TT6
CAN,2018,MPIPINVO,M,Y_GE65,CRUDE_RATE_CPAT,64.70588235,YY_TE6
CAN,2018,MPIPINVO,M,Total_16,CRUDE_RATE_CPAT,85.19417476,YToTal
CAN,2018,MPIPINVO,F,Y16T24,CRUDE_RATE_CPAT,82.95454545,YY1TT2
CAN,2018,MPIPINVO,F,Y25T44,CRUDE_RATE_CPAT,90.56603774,YY2TT4
CAN,2018,MPIPINVO,F,Y45T64,CRUDE_RATE_CPAT,87.39495798,YY4TT6
CAN,2018,MPIPINVO,F,Y_GE65,CRUDE_RATE_CPAT,85.18518519,YY_TE6
CAN,2018,MPIPINVO,F,Total_16,CRUDE_RATE_CPAT,87.53180662,YToTal
CAN,2018,MPIPINVO,T,Y16T24,CRUDE_RATE_CPAT,83.43949045,YY1TT2
CAN,2018,MPIPINVO,T,Y25T44,CRUDE_RATE_CPAT,87.4301676,YY2TT4
CAN,2018,MPIPINVO,T,Y45T64,CRUDE_RATE_CPAT,88.21138211,YY4TT6
CAN,2018,MPIPINVO,T,Y_GE65,CRUDE_RATE_CPAT,77.27272727,YY_TE6
CAN,2018,MPIPINVO,T,Total_16,CRUDE_RATE_CPAT,86.33540373,YToTal
CAN,2019,MPIPINVO,M,Y16T24,CRUDE_RATE_CPAT,82.27848101,YY1TT2
CAN,2019,MPIPINVO,M,Y25T44,CRUDE_RATE_CPAT,76.07973422,YY2TT4
CAN,2019,MPIPINVO,M,Y45T64,CRUDE_RATE_CPAT,78.66666667,YY4TT6
CAN,2019,MPIPINVO,M,Y_GE65,CRUDE_RATE_CPAT,74.28571429,YY_TE6
CAN,2019,MPIPINVO,M,Total_16,CRUDE_RATE_CPAT,77.52212389,YToTal
CAN,2019,MPIPINVO,F,Y16T24,CRUDE_RATE_CPAT,72.8,YY1TT2
CAN,2019,MPIPINVO,F,Y25T44,CRUDE_RATE_CPAT,86.42533937,YY2TT4
CAN,2019,MPIPINVO,F,Y45T64,CRUDE_RATE_CPAT,83.45864662,YY4TT6
CAN,2019,MPIPINVO,F,Y_GE65,CRUDE_RATE_CPAT,62.5,YY_TE6
CAN,2019,MPIPINVO,F,Total_16,CRUDE_RATE_CPAT,80.26565465,YToTal
CAN,2019,MPIPINVO,T,Y16T24,CRUDE_RATE_CPAT,76.47058824,YY1TT2
CAN,2019,MPIPINVO,T,Y25T44,CRUDE_RATE_CPAT,80.45977011,YY2TT4
CAN,2019,MPIPINVO,T,Y45T64,CRUDE_RATE_CPAT,80.91872792,YY4TT6
CAN,2019,MPIPINVO,T,Y_GE65,CRUDE_RATE_CPAT,67.46987952,YY_TE6
CAN,2019,MPIPINVO,T,Total_16,CRUDE_RATE_CPAT,78.84615385,YToTal
CAN,2020,MPIPINVO,M,Y16T24,CRUDE_RATE_CPAT,67.05882353,YY1TT2
CAN,2020,MPIPINVO,M,Y25T44,CRUDE_RATE_CPAT,77.64350453,YY2TT4
CAN,2020,MPIPINVO,M,Y45T64,CRUDE_RATE_CPAT,74.24242424,YY4TT6
CAN,2020,MPIPINVO,M,Y_GE65,CRUDE_RATE_CPAT,76.78571429,YY_TE6
CAN,2020,MPIPINVO,M,Total_16,CRUDE_RATE_CPAT,75.33112583,YToTal
CAN,2020,MPIPINVO,F,Y16T24,CRUDE_RATE_CPAT,68.35443038,YY1TT2
CAN,2020,MPIPINVO,F,Y25T44,CRUDE_RATE_CPAT,79.76878613,YY2TT4
CAN,2020,MPIPINVO,F,Y45T64,CRUDE_RATE_CPAT,80,YY4TT6
CAN,2020,MPIPINVO,F,Y_GE65,CRUDE_RATE_CPAT,72.34042553,YY_TE6
CAN,2020,MPIPINVO,F,Total_16,CRUDE_RATE_CPAT,76.69172932,YToTal
CAN,2020,MPIPINVO,T,Y16T24,CRUDE_RATE_CPAT,67.68292683,YY1TT2
CAN,2020,MPIPINVO,T,Y25T44,CRUDE_RATE_CPAT,78.37301587,YY2TT4
CAN,2020,MPIPINVO,T,Y45T64,CRUDE_RATE_CPAT,76.72413793,YY4TT6
CAN,2020,MPIPINVO,T,Y_GE65,CRUDE_RATE_CPAT,74.75728155,YY_TE6
CAN,2020,MPIPINVO,T,Total_16,CRUDE_RATE_CPAT,75.87238285,YToTal
CAN,2021,MPIPINVO,M,Y16T24,CRUDE_RATE_CPAT,73.41772152,YY1TT2
CAN,2021,MPIPINVO,M,Y25T44,CRUDE_RATE_CPAT,76.74418605,YY2TT4
CAN,2021,MPIPINVO,M,Y45T64,CRUDE_RATE_CPAT,78.26086957,YY4TT6
CAN,2021,MPIPINVO,M,Y_GE65,CRUDE_RATE_CPAT,83.33333333,YY_TE6
CAN,2021,MPIPINVO,M,Total_16,CRUDE_RATE_CPAT,77.19568567,YToTal
CAN,2021,MPIPINVO,F,Y16T24,CRUDE_RATE_CPAT,62.16216216,YY1TT2
CAN,2021,MPIPINVO,F,Y25T44,CRUDE_RATE_CPAT,81.61764706,YY2TT4
CAN,2021,MPIPINVO,F,Y45T64,CRUDE_RATE_CPAT,80.39215686,YY4TT6
CAN,2021,MPIPINVO,F,Y_GE65,CRUDE_RATE_CPAT,67.30769231,YY_TE6
CAN,2021,MPIPINVO,F,Total_16,CRUDE_RATE_CPAT,76.02427921,YToTal
CAN,2021,MPIPINVO,T,Y16T24,CRUDE_RATE_CPAT,67.97385621,YY1TT2
CAN,2021,MPIPINVO,T,Y25T44,CRUDE_RATE_CPAT,78.125,YY2TT4
CAN,2021,MPIPINVO,T,Y45T64,CRUDE_RATE_CPAT,79.02097902,YY4TT6
CAN,2021,MPIPINVO,T,Y_GE65,CRUDE_RATE_CPAT,77.27272727,YY_TE6
CAN,2021,MPIPINVO,T,Total_16,CRUDE_RATE_CPAT,76.68539326,YToTal
CAN,2022,MPIPINVO,M,Y16T24,CRUDE_RATE_CPAT,75,YY1TT2
CAN,2022,MPIPINVO,M,Y25T44,CRUDE_RATE_CPAT,83.69565217,YY2TT4
CAN,2022,MPIPINVO,M,Y45T64,CRUDE_RATE_CPAT,80.11049724,YY4TT6
CAN,2022,MPIPINVO,M,Y_GE65,CRUDE_RATE_CPAT,75,YY_TE6
CAN,2022,MPIPINVO,M,Total_16,CRUDE_RATE_CPAT,81.10091743,YToTal
CAN,2022,MPIPINVO,F,Y16T24,CRUDE_RATE_CPAT,77.77777778,YY1TT2
CAN,2022,MPIPINVO,F,Y25T44,CRUDE_RATE_CPAT,89.18918919,YY2TT4
CAN,2022,MPIPINVO,F,Y45T64,CRUDE_RATE_CPAT,84.74576271,YY4TT6
CAN,2022,MPIPINVO,F,Y_GE65,CRUDE_RATE_CPAT,75,YY_TE6
CAN,2022,MPIPINVO,F,Total_16,CRUDE_RATE_CPAT,83.95061728,YToTal
CAN,2022,MPIPINVO,T,Y16T24,CRUDE_RATE_CPAT,76.52173913,YY1TT2
CAN,2022,MPIPINVO,T,Y25T44,CRUDE_RATE_CPAT,85.27131783,YY2TT4
CAN,2022,MPIPINVO,T,Y45T64,CRUDE_RATE_CPAT,81.93979933,YY4TT6
CAN,2022,MPIPINVO,T,Y_GE65,CRUDE_RATE_CPAT,75,YY_TE6
CAN,2022,MPIPINVO,T,Total_16,CRUDE_RATE_CPAT,82.16340621,YToTal
CAN,2017,MPCBINVO,M,Y16T24,CRUDE_RATE_CPAT,97.22222222,YY1TT2
CAN,2017,MPCBINVO,M,Y25T44,CRUDE_RATE_CPAT,88.32891247,YY2TT4
CAN,2017,MPCBINVO,M,Y45T64,CRUDE_RATE_CPAT,84.90990991,YY4TT6
CAN,2017,MPCBINVO,M,Y_GE65,CRUDE_RATE_CPAT,88.76404494,YY_TE6
CAN,2017,MPCBINVO,M,Total_16,CRUDE_RATE_CPAT,87.47454175,YToTal
CAN,2017,MPCBINVO,F,Y16T24,CRUDE_RATE_CPAT,87.79069767,YY1TT2
CAN,2017,MPCBINVO,F,Y25T44,CRUDE_RATE_CPAT,93.47826087,YY2TT4
CAN,2017,MPCBINVO,F,Y45T64,CRUDE_RATE_CPAT,86.7965368,YY4TT6
CAN,2017,MPCBINVO,F,Y_GE65,CRUDE_RATE_CPAT,77.5,YY_TE6
CAN,2017,MPCBINVO,F,Total_16,CRUDE_RATE_CPAT,88.14616756,YToTal
CAN,2017,MPCBINVO,T,Y16T24,CRUDE_RATE_CPAT,90.57377049,YY1TT2
CAN,2017,MPCBINVO,T,Y25T44,CRUDE_RATE_CPAT,90.87248322,YY2TT4
CAN,2017,MPCBINVO,T,Y45T64,CRUDE_RATE_CPAT,85.87196468,YY4TT6
CAN,2017,MPCBINVO,T,Y_GE65,CRUDE_RATE_CPAT,82.29665072,YY_TE6
CAN,2017,MPCBINVO,T,Total_16,CRUDE_RATE_CPAT,87.83269962,YToTal
CAN,2018,MPCBINVO,M,Y16T24,CRUDE_RATE_CPAT,82.96703297,YY1TT2
CAN,2018,MPCBINVO,M,Y25T44,CRUDE_RATE_CPAT,91.63265306,YY2TT4
CAN,2018,MPCBINVO,M,Y45T64,CRUDE_RATE_CPAT,86.62131519,YY4TT6
CAN,2018,MPCBINVO,M,Y_GE65,CRUDE_RATE_CPAT,65.04854369,YY_TE6
CAN,2018,MPCBINVO,M,Total_16,CRUDE_RATE_CPAT,86.26644737,YToTal
CAN,2018,MPCBINVO,F,Y16T24,CRUDE_RATE_CPAT,92.88256228,YY1TT2
CAN,2018,MPCBINVO,F,Y25T44,CRUDE_RATE_CPAT,91.90751445,YY2TT4
CAN,2018,MPCBINVO,F,Y45T64,CRUDE_RATE_CPAT,81.44329897,YY4TT6
CAN,2018,MPCBINVO,F,Y_GE65,CRUDE_RATE_CPAT,63.63636364,YY_TE6
CAN,2018,MPCBINVO,F,Total_16,CRUDE_RATE_CPAT,85.44262295,YToTal
CAN,2018,MPCBINVO,T,Y16T24,CRUDE_RATE_CPAT,88.98488121,YY1TT2
CAN,2018,MPCBINVO,T,Y25T44,CRUDE_RATE_CPAT,91.7740337,YY2TT4
CAN,2018,MPCBINVO,T,Y45T64,CRUDE_RATE_CPAT,83.67546432,YY4TT6
CAN,2018,MPCBINVO,T,Y_GE65,CRUDE_RATE_CPAT,64.22764228,YY_TE6
CAN,2018,MPCBINVO,T,Total_16,CRUDE_RATE_CPAT,85.80809923,YToTal
CAN,2019,MPCBINVO,M,Y16T24,CRUDE_RATE_CPAT,85.92057762,YY1TT2
CAN,2019,MPCBINVO,M,Y25T44,CRUDE_RATE_CPAT,87.76699029,YY2TT4
CAN,2019,MPCBINVO,M,Y45T64,CRUDE_RATE_CPAT,86.75213675,YY4TT6
CAN,2019,MPCBINVO,M,Y_GE65,CRUDE_RATE_CPAT,72.91666667,YY_TE6
CAN,2019,MPCBINVO,M,Total_16,CRUDE_RATE_CPAT,85.54131054,YToTal
CAN,2019,MPCBINVO,F,Y16T24,CRUDE_RATE_CPAT,88.13186813,YY1TT2
CAN,2019,MPCBINVO,F,Y25T44,CRUDE_RATE_CPAT,91.15942029,YY2TT4
CAN,2019,MPCBINVO,F,Y45T64,CRUDE_RATE_CPAT,83.21678322,YY4TT6
CAN,2019,MPCBINVO,F,Y_GE65,CRUDE_RATE_CPAT,69.54545455,YY_TE6
CAN,2019,MPCBINVO,F,Total_16,CRUDE_RATE_CPAT,85.48076923,YToTal
CAN,2019,MPCBINVO,T,Y16T24,CRUDE_RATE_CPAT,87.29508197,YY1TT2
CAN,2019,MPCBINVO,T,Y25T44,CRUDE_RATE_CPAT,89.70954357,YY2TT4
CAN,2019,MPCBINVO,T,Y45T64,CRUDE_RATE_CPAT,84.61538462,YY4TT6
CAN,2019,MPCBINVO,T,Y_GE65,CRUDE_RATE_CPAT,70.87912088,YY_TE6
CAN,2019,MPCBINVO,T,Total_16,CRUDE_RATE_CPAT,85.50516648,YToTal
CAN,2020,MPCBINVO,M,Y16T24,CRUDE_RATE_CPAT,64.83516484,YY1TT2
CAN,2020,MPCBINVO,M,Y25T44,CRUDE_RATE_CPAT,80.71428571,YY2TT4
CAN,2020,MPCBINVO,M,Y45T64,CRUDE_RATE_CPAT,79.67479675,YY4TT6
CAN,2020,MPCBINVO,M,Y_GE65,CRUDE_RATE_CPAT,78.18181818,YY_TE6
CAN,2020,MPCBINVO,M,Total_16,CRUDE_RATE_CPAT,77.59562842,YToTal
CAN,2020,MPCBINVO,F,Y16T24,CRUDE_RATE_CPAT,83.96946565,YY1TT2
CAN,2020,MPCBINVO,F,Y25T44,CRUDE_RATE_CPAT,81.71428571,YY2TT4
CAN,2020,MPCBINVO,F,Y45T64,CRUDE_RATE_CPAT,77.60416667,YY4TT6
CAN,2020,MPCBINVO,F,Y_GE65,CRUDE_RATE_CPAT,73.78640777,YY_TE6
CAN,2020,MPCBINVO,F,Total_16,CRUDE_RATE_CPAT,80.0257732,YToTal
CAN,2020,MPCBINVO,T,Y16T24,CRUDE_RATE_CPAT,76.12612613,YY1TT2
CAN,2020,MPCBINVO,T,Y25T44,CRUDE_RATE_CPAT,81.26984127,YY2TT4
CAN,2020,MPCBINVO,T,Y45T64,CRUDE_RATE_CPAT,78.41269841,YY4TT6
CAN,2020,MPCBINVO,T,Y_GE65,CRUDE_RATE_CPAT,75.3164557,YY_TE6
CAN,2020,MPCBINVO,T,Total_16,CRUDE_RATE_CPAT,79.01886792,YToTal
CAN,2021,MPCBINVO,M,Y16T24,CRUDE_RATE_CPAT,71.23287671,YY1TT2
CAN,2021,MPCBINVO,M,Y25T44,CRUDE_RATE_CPAT,82.93650794,YY2TT4
CAN,2021,MPCBINVO,M,Y45T64,CRUDE_RATE_CPAT,76.23762376,YY4TT6
CAN,2021,MPCBINVO,M,Y_GE65,CRUDE_RATE_CPAT,82.02247191,YY_TE6
CAN,2021,MPCBINVO,M,Total_16,CRUDE_RATE_CPAT,79.22077922,YToTal
CAN,2021,MPCBINVO,F,Y16T24,CRUDE_RATE_CPAT,81.86528497,YY1TT2
CAN,2021,MPCBINVO,F,Y25T44,CRUDE_RATE_CPAT,80.87774295,YY2TT4
CAN,2021,MPCBINVO,F,Y45T64,CRUDE_RATE_CPAT,76.72131148,YY4TT6
CAN,2021,MPCBINVO,F,Y_GE65,CRUDE_RATE_CPAT,78.26086957,YY_TE6
CAN,2021,MPCBINVO,F,Total_16,CRUDE_RATE_CPAT,79.34560327,YToTal
CAN,2021,MPCBINVO,T,Y16T24,CRUDE_RATE_CPAT,78.94736842,YY1TT2
CAN,2021,MPCBINVO,T,Y25T44,CRUDE_RATE_CPAT,81.78633975,YY2TT4
CAN,2021,MPCBINVO,T,Y45T64,CRUDE_RATE_CPAT,76.52859961,YY4TT6
CAN,2021,MPCBINVO,T,Y_GE65,CRUDE_RATE_CPAT,79.6,YY_TE6
CAN,2021,MPCBINVO,T,Total_16,CRUDE_RATE_CPAT,79.29736512,YToTal
CAN,2022,MPCBINVO,M,Y16T24,CRUDE_RATE_CPAT,82.75862069,YY1TT2
CAN,2022,MPCBINVO,M,Y25T44,CRUDE_RATE_CPAT,83.52059925,YY2TT4
CAN,2022,MPCBINVO,M,Y45T64,CRUDE_RATE_CPAT,86.88046647,YY4TT6
CAN,2022,MPCBINVO,M,Y_GE65,CRUDE_RATE_CPAT,75.21367521,YY_TE6
CAN,2022,MPCBINVO,M,Total_16,CRUDE_RATE_CPAT,83.69426752,YToTal
CAN,2022,MPCBINVO,F,Y16T24,CRUDE_RATE_CPAT,83.14606742,YY1TT2
CAN,2022,MPCBINVO,F,Y25T44,CRUDE_RATE_CPAT,85.07936508,YY2TT4
CAN,2022,MPCBINVO,F,Y45T64,CRUDE_RATE_CPAT,82.66666667,YY4TT6
CAN,2022,MPCBINVO,F,Y_GE65,CRUDE_RATE_CPAT,85.39325843,YY_TE6
CAN,2022,MPCBINVO,F,Total_16,CRUDE_RATE_CPAT,84.01253918,YToTal
CAN,2022,MPCBINVO,T,Y16T24,CRUDE_RATE_CPAT,82.99319728,YY1TT2
CAN,2022,MPCBINVO,T,Y25T44,CRUDE_RATE_CPAT,84.36426117,YY2TT4
CAN,2022,MPCBINVO,T,Y45T64,CRUDE_RATE_CPAT,84.67966574,YY4TT6
CAN,2022,MPCBINVO,T,Y_GE65,CRUDE_RATE_CPAT,81.3559322,YY_TE6
CAN,2022,MPCBINVO,T,Total_16,CRUDE_RATE_CPAT,83.86911596,YToTal
JPN,2021,MPIPRESP,M,Y16T24,CRUDE_RATE_CPAT,100,YY1TT2
JPN,2021,MPIPRESP,M,Y25T44,CRUDE_RATE_CPAT,55,YY2TT4
JPN,2021,MPIPRESP,M,Y45T64,CRUDE_RATE_CPAT,63.15789474,YY4TT6
JPN,2021,MPIPRESP,M,Y_GE65,CRUDE_RATE_CPAT,80,YY_TE6
JPN,2021,MPIPRESP,M,Total_16,CRUDE_RATE_CPAT,62.5,YToTal
JPN,2021,MPIPRESP,F,Y16T24,CRUDE_RATE_CPAT,14.28571429,YY1TT2
JPN,2021,MPIPRESP,F,Y25T44,CRUDE_RATE_CPAT,48.38709677,YY2TT4
JPN,2021,MPIPRESP,F,Y45T64,CRUDE_RATE_CPAT,64.81481481,YY4TT6
JPN,2021,MPIPRESP,F,Y_GE65,CRUDE_RATE_CPAT,50,YY_TE6
JPN,2021,MPIPRESP,F,Total_16,CRUDE_RATE_CPAT,53.54330709,YToTal
JPN,2021,MPIPRESP,T,Y16T24,CRUDE_RATE_CPAT,33.33333333,YY1TT2
JPN,2021,MPIPRESP,T,Y25T44,CRUDE_RATE_CPAT,50.98039216,YY2TT4
JPN,2021,MPIPRESP,T,Y45T64,CRUDE_RATE_CPAT,63.84615385,YY4TT6
JPN,2021,MPIPRESP,T,Y_GE65,CRUDE_RATE_CPAT,71.42857143,YY_TE6
JPN,2021,MPIPRESP,T,Total_16,CRUDE_RATE_CPAT,58.03921569,YToTal
JPN,2021,MPCBRESP,M,Y16T24,CRUDE_RATE_CPAT,88.88888889,YY1TT2
JPN,2021,MPCBRESP,M,Y25T44,CRUDE_RATE_CPAT,79.16666667,YY2TT4
JPN,2021,MPCBRESP,M,Y45T64,CRUDE_RATE_CPAT,86.17021277,YY4TT6
JPN,2021,MPCBRESP,M,Y_GE65,CRUDE_RATE_CPAT,54.54545455,YY_TE6
JPN,2021,MPCBRESP,M,Total_16,CRUDE_RATE_CPAT,81.72043011,YToTal
JPN,2021,MPCBRESP,F,Y16T24,CRUDE_RATE_CPAT,64.70588235,YY1TT2
JPN,2021,MPCBRESP,F,Y25T44,CRUDE_RATE_CPAT,86.84210526,YY2TT4
JPN,2021,MPCBRESP,F,Y45T64,CRUDE_RATE_CPAT,81.81818182,YY4TT6
JPN,2021,MPCBRESP,F,Y_GE65,CRUDE_RATE_CPAT,100,YY_TE6
JPN,2021,MPCBRESP,F,Total_16,CRUDE_RATE_CPAT,84.10041841,YToTal
JPN,2021,MPCBRESP,T,Y16T24,CRUDE_RATE_CPAT,73.07692308,YY1TT2
JPN,2021,MPCBRESP,T,Y25T44,CRUDE_RATE_CPAT,84.375,YY2TT4
JPN,2021,MPCBRESP,T,Y45T64,CRUDE_RATE_CPAT,84.375,YY4TT6
JPN,2021,MPCBRESP,T,Y_GE65,CRUDE_RATE_CPAT,66.66666667,YY_TE6
JPN,2021,MPCBRESP,T,Total_16,CRUDE_RATE_CPAT,83.05882353,YToTal
JPN,2021,MPIPTIME,M,Y16T24,CRUDE_RATE_CPAT,100,YY1TT2
JPN,2021,MPIPTIME,M,Y25T44,CRUDE_RATE_CPAT,55,YY2TT4
JPN,2021,MPIPTIME,M,Y45T64,CRUDE_RATE_CPAT,61.84210526,YY4TT6
JPN,2021,MPIPTIME,M,Y_GE65,CRUDE_RATE_CPAT,80,YY_TE6
JPN,2021,MPIPTIME,M,Total_16,CRUDE_RATE_CPAT,61.71875,YToTal
JPN,2021,MPIPTIME,F,Y25T44,CRUDE_RATE_CPAT,50,YY2TT4
JPN,2021,MPIPTIME,F,Y45T64,CRUDE_RATE_CPAT,56.36363636,YY4TT6
JPN,2021,MPIPTIME,F,Y_GE65,CRUDE_RATE_CPAT,50,YY_TE6
JPN,2021,MPIPTIME,F,Total_16,CRUDE_RATE_CPAT,50,YToTal
JPN,2021,MPIPTIME,T,Y16T24,CRUDE_RATE_CPAT,22.22222222,YY1TT2
JPN,2021,MPIPTIME,T,Y25T44,CRUDE_RATE_CPAT,51.96078431,YY2TT4
JPN,2021,MPIPTIME,T,Y45T64,CRUDE_RATE_CPAT,59.54198473,YY4TT6
JPN,2021,MPIPTIME,T,Y_GE65,CRUDE_RATE_CPAT,71.42857143,YY_TE6
JPN,2021,MPIPTIME,T,Total_16,CRUDE_RATE_CPAT,55.859375,YToTal
JPN,2021,MPCBTIME,M,Y16T24,CRUDE_RATE_CPAT,88.88888889,YY1TT2
JPN,2021,MPCBTIME,M,Y25T44,CRUDE_RATE_CPAT,61.11111111,YY2TT4
JPN,2021,MPCBTIME,M,Y45T64,CRUDE_RATE_CPAT,76.34408602,YY4TT6
JPN,2021,MPCBTIME,M,Y_GE65,CRUDE_RATE_CPAT,63.63636364,YY_TE6
JPN,2021,MPCBTIME,M,Total_16,CRUDE_RATE_CPAT,70.27027027,YToTal
JPN,2021,MPCBTIME,F,Y16T24,CRUDE_RATE_CPAT,52.94117647,YY1TT2
JPN,2021,MPCBTIME,F,Y25T44,CRUDE_RATE_CPAT,71.05263158,YY2TT4
JPN,2021,MPCBTIME,F,Y45T64,CRUDE_RATE_CPAT,65.15151515,YY4TT6
JPN,2021,MPCBTIME,F,Y_GE65,CRUDE_RATE_CPAT,50,YY_TE6
JPN,2021,MPCBTIME,F,Total_16,CRUDE_RATE_CPAT,67.78242678,YToTal
JPN,2021,MPCBTIME,T,Y16T24,CRUDE_RATE_CPAT,65.38461538,YY1TT2
JPN,2021,MPCBTIME,T,Y25T44,CRUDE_RATE_CPAT,67.85714286,YY2TT4
JPN,2021,MPCBTIME,T,Y45T64,CRUDE_RATE_CPAT,71.69811321,YY4TT6
JPN,2021,MPCBTIME,T,Y_GE65,CRUDE_RATE_CPAT,60,YY_TE6
JPN,2021,MPCBTIME,T,Total_16,CRUDE_RATE_CPAT,68.86792453,YToTal
JPN,2021,MPIPEXPL,M,Y16T24,CRUDE_RATE_CPAT,50,YY1TT2
JPN,2021,MPIPEXPL,M,Y25T44,CRUDE_RATE_CPAT,55,YY2TT4
JPN,2021,MPIPEXPL,M,Y45T64,CRUDE_RATE_CPAT,58.66666667,YY4TT6
JPN,2021,MPIPEXPL,M,Y_GE65,CRUDE_RATE_CPAT,70,YY_TE6
JPN,2021,MPIPEXPL,M,Total_16,CRUDE_RATE_CPAT,58.26771654,YToTal
JPN,2021,MPIPEXPL,F,Y16T24,CRUDE_RATE_CPAT,14.28571429,YY1TT2
JPN,2021,MPIPEXPL,F,Y25T44,CRUDE_RATE_CPAT,48.38709677,YY2TT4
JPN,2021,MPIPEXPL,F,Y45T64,CRUDE_RATE_CPAT,50.90909091,YY4TT6
JPN,2021,MPIPEXPL,F,Y_GE65,CRUDE_RATE_CPAT,25,YY_TE6
JPN,2021,MPIPEXPL,F,Total_16,CRUDE_RATE_CPAT,46.875,YToTal
JPN,2021,MPIPEXPL,T,Y16T24,CRUDE_RATE_CPAT,22.22222222,YY1TT2
JPN,2021,MPIPEXPL,T,Y25T44,CRUDE_RATE_CPAT,50.98039216,YY2TT4
JPN,2021,MPIPEXPL,T,Y45T64,CRUDE_RATE_CPAT,55.38461538,YY4TT6
JPN,2021,MPIPEXPL,T,Y_GE65,CRUDE_RATE_CPAT,57.14285714,YY_TE6
JPN,2021,MPIPEXPL,T,Total_16,CRUDE_RATE_CPAT,52.54901961,YToTal
JPN,2021,MPCBEXPL,M,Y16T24,CRUDE_RATE_CPAT,66.66666667,YY1TT2
JPN,2021,MPCBEXPL,M,Y25T44,CRUDE_RATE_CPAT,63.88888889,YY2TT4
JPN,2021,MPCBEXPL,M,Y45T64,CRUDE_RATE_CPAT,80.85106383,YY4TT6
JPN,2021,MPCBEXPL,M,Y_GE65,CRUDE_RATE_CPAT,63.63636364,YY_TE6
JPN,2021,MPCBEXPL,M,Total_16,CRUDE_RATE_CPAT,72.58064516,YToTal
JPN,2021,MPCBEXPL,F,Y16T24,CRUDE_RATE_CPAT,70.58823529,YY1TT2
JPN,2021,MPCBEXPL,F,Y25T44,CRUDE_RATE_CPAT,73.68421053,YY2TT4
JPN,2021,MPCBEXPL,F,Y45T64,CRUDE_RATE_CPAT,72.72727273,YY4TT6
JPN,2021,MPCBEXPL,F,Y_GE65,CRUDE_RATE_CPAT,66.66666667,YY_TE6
JPN,2021,MPCBEXPL,F,Total_16,CRUDE_RATE_CPAT,73.1092437,YToTal
JPN,2021,MPCBEXPL,T,Y16T24,CRUDE_RATE_CPAT,69.23076923,YY1TT2
JPN,2021,MPCBEXPL,T,Y25T44,CRUDE_RATE_CPAT,70.53571429,YY2TT4
JPN,2021,MPCBEXPL,T,Y45T64,CRUDE_RATE_CPAT,77.5,YY4TT6
JPN,2021,MPCBEXPL,T,Y_GE65,CRUDE_RATE_CPAT,64.28571429,YY_TE6
JPN,2021,MPCBEXPL,T,Total_16,CRUDE_RATE_CPAT,72.87735849,YToTal
JPN,2021,MPIPINVO,M,Y16T24,CRUDE_RATE_CPAT,50,YY1TT2
JPN,2021,MPIPINVO,M,Y25T44,CRUDE_RATE_CPAT,51.2195122,YY2TT4
JPN,2021,MPIPINVO,M,Y45T64,CRUDE_RATE_CPAT,52.63157895,YY4TT6
JPN,2021,MPIPINVO,M,Y_GE65,CRUDE_RATE_CPAT,60,YY_TE6
JPN,2021,MPIPINVO,M,Total_16,CRUDE_RATE_CPAT,52.71317829,YToTal
JPN,2021,MPIPINVO,F,Y16T24,CRUDE_RATE_CPAT,14.28571429,YY1TT2
JPN,2021,MPIPINVO,F,Y25T44,CRUDE_RATE_CPAT,43.5483871,YY2TT4
JPN,2021,MPIPINVO,F,Y45T64,CRUDE_RATE_CPAT,56.36363636,YY4TT6
JPN,2021,MPIPINVO,F,Y_GE65,CRUDE_RATE_CPAT,25,YY_TE6
JPN,2021,MPIPINVO,F,Total_16,CRUDE_RATE_CPAT,46.875,YToTal
JPN,2021,MPIPINVO,T,Y16T24,CRUDE_RATE_CPAT,22.22222222,YY1TT2
JPN,2021,MPIPINVO,T,Y25T44,CRUDE_RATE_CPAT,46.60194175,YY2TT4
JPN,2021,MPIPINVO,T,Y45T64,CRUDE_RATE_CPAT,54.19847328,YY4TT6
JPN,2021,MPIPINVO,T,Y_GE65,CRUDE_RATE_CPAT,50,YY_TE6
JPN,2021,MPIPINVO,T,Total_16,CRUDE_RATE_CPAT,49.80544747,YToTal
JPN,2021,MPCBINVO,M,Y16T24,CRUDE_RATE_CPAT,88.88888889,YY1TT2
JPN,2021,MPCBINVO,M,Y25T44,CRUDE_RATE_CPAT,72.22222222,YY2TT4
JPN,2021,MPCBINVO,M,Y45T64,CRUDE_RATE_CPAT,74.46808511,YY4TT6
JPN,2021,MPCBINVO,M,Y_GE65,CRUDE_RATE_CPAT,54.54545455,YY_TE6
JPN,2021,MPCBINVO,M,Total_16,CRUDE_RATE_CPAT,73.11827957,YToTal
JPN,2021,MPCBINVO,F,Y16T24,CRUDE_RATE_CPAT,70.58823529,YY1TT2
JPN,2021,MPCBINVO,F,Y25T44,CRUDE_RATE_CPAT,76.31578947,YY2TT4
JPN,2021,MPCBINVO,F,Y45T64,CRUDE_RATE_CPAT,77.27272727,YY4TT6
JPN,2021,MPCBINVO,F,Y_GE65,CRUDE_RATE_CPAT,50,YY_TE6
JPN,2021,MPCBINVO,F,Total_16,CRUDE_RATE_CPAT,75.73221757,YToTal
JPN,2021,MPCBINVO,T,Y16T24,CRUDE_RATE_CPAT,76.92307692,YY1TT2
JPN,2021,MPCBINVO,T,Y25T44,CRUDE_RATE_CPAT,75,YY2TT4
JPN,2021,MPCBINVO,T,Y45T64,CRUDE_RATE_CPAT,75.625,YY4TT6
JPN,2021,MPCBINVO,T,Y_GE65,CRUDE_RATE_CPAT,53.33333333,YY_TE6
JPN,2021,MPCBINVO,T,Total_16,CRUDE_RATE_CPAT,74.58823529,YToTal
PRT,2021,MPIPRESP,M,Total_16,CRUDE_RATE_CPAT,100,YToTal
PRT,2021,MPIPRESP,F,Total_16,CRUDE_RATE_CPAT,100,YToTal
PRT,2021,MPIPRESP,T,Total_16,CRUDE_RATE_CPAT,100,YToTal
PRT,2022,MPIPRESP,M,Total_16,CRUDE_RATE_CPAT,100,YToTal
PRT,2022,MPIPRESP,F,Total_16,CRUDE_RATE_CPAT,100,YToTal
PRT,2022,MPIPRESP,T,Total_16,CRUDE_RATE_CPAT,100,YToTal
PRT,2021,MPCBRESP,M,Total_16,CRUDE_RATE_CPAT,94.8,YToTal
PRT,2021,MPCBRESP,F,Total_16,CRUDE_RATE_CPAT,92.5,YToTal
PRT,2021,MPCBRESP,T,Total_16,CRUDE_RATE_CPAT,87.7,YToTal
PRT,2022,MPCBRESP,M,Total_16,CRUDE_RATE_CPAT,94.4,YToTal
PRT,2022,MPCBRESP,F,Total_16,CRUDE_RATE_CPAT,94.9,YToTal
PRT,2022,MPCBRESP,T,Total_16,CRUDE_RATE_CPAT,94.7,YToTal
PRT,2021,MPCBRESP,M,Total_16,CRUDE_SE_PE,0.49,YToTal
PRT,2021,MPCBRESP,F,Total_16,CRUDE_SE_PE,0.88,YToTal
PRT,2021,MPCBRESP,T,Total_16,CRUDE_SE_PE,0.68,YToTal
PRT,2022,MPCBRESP,M,Total_16,CRUDE_SE_PE,0.23,YToTal
PRT,2022,MPCBRESP,F,Total_16,CRUDE_SE_PE,0.22,YToTal
PRT,2022,MPCBRESP,T,Total_16,CRUDE_SE_PE,0.22,YToTal
PRT,2021,MPIPTIME,M,Total_16,CRUDE_RATE_CPAT,100,YToTal
PRT,2021,MPIPTIME,F,Total_16,CRUDE_RATE_CPAT,100,YToTal
PRT,2021,MPIPTIME,T,Total_16,CRUDE_RATE_CPAT,100,YToTal
PRT,2022,MPIPTIME,M,Total_16,CRUDE_RATE_CPAT,72.7,YToTal
PRT,2022,MPIPTIME,F,Total_16,CRUDE_RATE_CPAT,70,YToTal
PRT,2022,MPIPTIME,T,Total_16,CRUDE_RATE_CPAT,71.4,YToTal
PRT,2022,MPIPTIME,M,Total_16,CRUDE_SE_PE,0.47,YToTal
PRT,2022,MPIPTIME,F,Total_16,CRUDE_SE_PE,0.48,YToTal
PRT,2022,MPIPTIME,T,Total_16,CRUDE_SE_PE,0.46,YToTal
PRT,2021,MPCBTIME,M,Total_16,CRUDE_RATE_CPAT,92.2,YToTal
PRT,2021,MPCBTIME,F,Total_16,CRUDE_RATE_CPAT,81.1,YToTal
PRT,2021,MPCBTIME,T,Total_16,CRUDE_RATE_CPAT,87.7,YToTal
PRT,2022,MPCBTIME,M,Total_16,CRUDE_RATE_CPAT,86.1,YToTal
PRT,2022,MPCBTIME,F,Total_16,CRUDE_RATE_CPAT,89.8,YToTal
PRT,2022,MPCBTIME,T,Total_16,CRUDE_RATE_CPAT,88.4,YToTal
PRT,2021,MPCBTIME,M,Total_16,CRUDE_SE_PE,0.5,YToTal
PRT,2021,MPCBTIME,F,Total_16,CRUDE_SE_PE,1.12,YToTal
PRT,2021,MPCBTIME,T,Total_16,CRUDE_SE_PE,0.88,YToTal
PRT,2022,MPCBTIME,M,Total_16,CRUDE_SE_PE,0.35,YToTal
PRT,2022,MPCBTIME,F,Total_16,CRUDE_SE_PE,0.3,YToTal
PRT,2022,MPCBTIME,T,Total_16,CRUDE_SE_PE,0.32,YToTal
PRT,2021,MPIPEXPL,M,Total_16,CRUDE_RATE_CPAT,100,YToTal
PRT,2021,MPIPEXPL,F,Total_16,CRUDE_RATE_CPAT,83.3,YToTal
PRT,2021,MPIPEXPL,T,Total_16,CRUDE_RATE_CPAT,88.9,YToTal
PRT,2022,MPIPEXPL,M,Total_16,CRUDE_RATE_CPAT,83.3,YToTal
PRT,2022,MPIPEXPL,F,Total_16,CRUDE_RATE_CPAT,80,YToTal
PRT,2022,MPIPEXPL,T,Total_16,CRUDE_RATE_CPAT,97.5,YToTal
PRT,2021,MPIPEXPL,F,Total_16,CRUDE_SE_PE,0.41,YToTal
PRT,2021,MPIPEXPL,T,Total_16,CRUDE_SE_PE,0.33,YToTal
PRT,2022,MPIPEXPL,M,Total_16,CRUDE_SE_PE,0.39,YToTal
PRT,2022,MPIPEXPL,F,Total_16,CRUDE_SE_PE,0.42,YToTal
PRT,2022,MPIPEXPL,T,Total_16,CRUDE_SE_PE,0.2,YToTal
PRT,2021,MPCBEXPL,M,Total_16,CRUDE_RATE_CPAT,93.5,YToTal
PRT,2021,MPCBEXPL,F,Total_16,CRUDE_RATE_CPAT,94.3,YToTal
PRT,2021,MPCBEXPL,T,Total_16,CRUDE_RATE_CPAT,93.8,YToTal
PRT,2022,MPCBEXPL,M,Total_16,CRUDE_RATE_CPAT,83.3,YToTal
PRT,2022,MPCBEXPL,F,Total_16,CRUDE_RATE_CPAT,91.5,YToTal
PRT,2022,MPCBEXPL,T,Total_16,CRUDE_RATE_CPAT,84.4,YToTal
PRT,2021,MPCBEXPL,M,Total_16,CRUDE_SE_PE,0.5,YToTal
PRT,2021,MPCBEXPL,F,Total_16,CRUDE_SE_PE,0.88,YToTal
PRT,2021,MPCBEXPL,T,Total_16,CRUDE_SE_PE,0.68,YToTal
PRT,2022,MPCBEXPL,M,Total_16,CRUDE_SE_PE,0.38,YToTal
PRT,2022,MPCBEXPL,F,Total_16,CRUDE_SE_PE,0.28,YToTal
PRT,2022,MPCBEXPL,T,Total_16,CRUDE_SE_PE,0.32,YToTal
PRT,2021,MPIPINVO,M,Total_16,CRUDE_RATE_CPAT,100,YToTal
PRT,2021,MPIPINVO,F,Total_16,CRUDE_RATE_CPAT,100,YToTal
PRT,2021,MPIPINVO,T,Total_16,CRUDE_RATE_CPAT,100,YToTal
PRT,2022,MPIPINVO,M,Total_16,CRUDE_RATE_CPAT,75,YToTal
PRT,2022,MPIPINVO,F,Total_16,CRUDE_RATE_CPAT,88.9,YToTal
PRT,2022,MPIPINVO,T,Total_16,CRUDE_RATE_CPAT,81,YToTal
PRT,2022,MPIPINVO,M,Total_16,CRUDE_SE_PE,0.45,YToTal
PRT,2022,MPIPINVO,F,Total_16,CRUDE_SE_PE,0.33,YToTal
PRT,2022,MPIPINVO,T,Total_16,CRUDE_SE_PE,0.4,YToTal
PRT,2021,MPCBINVO,M,Total_16,CRUDE_RATE_CPAT,96.1,YToTal
PRT,2021,MPCBINVO,F,Total_16,CRUDE_RATE_CPAT,88.7,YToTal
PRT,2021,MPCBINVO,T,Total_16,CRUDE_RATE_CPAT,93.1,YToTal
PRT,2022,MPCBINVO,M,Total_16,CRUDE_RATE_CPAT,88.2,YToTal
PRT,2022,MPCBINVO,F,Total_16,CRUDE_RATE_CPAT,89.5,YToTal
PRT,2022,MPCBINVO,T,Total_16,CRUDE_RATE_CPAT,89,YToTal
PRT,2021,MPCBINVO,M,Total_16,CRUDE_SE_PE,0.73,YToTal
PRT,2021,MPCBINVO,F,Total_16,CRUDE_SE_PE,0.73,YToTal
PRT,2021,MPCBINVO,T,Total_16,CRUDE_SE_PE,0.73,YToTal
PRT,2022,MPCBINVO,M,Total_16,CRUDE_SE_PE,0.33,YToTal
PRT,2022,MPCBINVO,F,Total_16,CRUDE_SE_PE,0.31,YToTal
PRT,2022,MPCBINVO,T,Total_16,CRUDE_SE_PE,0.31,YToTal
